time,tavg,tmin,tmax,prcp,snow,wdir,wspd,wpgt,pres,tsun
2020-01-04,12.2,,19.0,0.0,,,,,,
2020-01-05,,,,,,,,,,
2020-01-06,,,,,,,,,,
2020-01-07,,,,,,,,,,
2020-01-08,,,,,,,,,,
2020-01-09,,,,,,,,,,
2020-01-10,,,,,,,,,,
2020-01-11,,,,,,,,,,
2020-01-12,14.9,9.5,,0.0,,,,,,
2020-01-13,11.5,,16.5,3.0,,,,,,
2020-01-14,10.7,5.7,,39.9,,,,,,
2020-01-15,10.8,6.7,,0.0,,,,,,
2020-01-16,,,,,,,,,,
2020-01-17,,,,,,,,,,
2020-01-18,,,,,,,,,,
2020-01-19,,,,,,,,,,
2020-01-20,,,,,,,,,,
2020-01-21,11.0,,,0.5,,,,,,
2020-01-22,11.6,6.2,,0.0,,,,,,
2020-01-23,,,,,,,,,,
2020-01-24,,,,,,,,,,
2020-01-25,,,,,,,,,,
2020-01-26,13.1,7.7,21.3,0.0,,,,,,
2020-01-27,,,,,,,,,,
2020-01-28,11.8,,13.1,2.0,,,,,,
2020-01-29,11.4,,,22.1,,,,,,
2020-01-30,11.2,5.9,,0.0,,,,,,
2020-01-31,,,,,,,,,,
2020-02-01,,,,,,,,,,
2020-02-02,,,,,,,,,,
2020-02-03,,,,,,,,,,
2020-02-04,,,,,,,,,,
2020-02-05,,,,,,,,,,
2020-02-06,,,,,,,,,,
2020-02-07,,,,,,,,,,
2020-02-08,,,,,,,,,,
2020-02-09,,,,,,,,,,
2020-02-10,,,,,,,,,,
2020-02-11,,,,,,,,,,
2020-02-12,,,,,,,,,,
2020-02-13,18.5,,,2.0,,,,,,
2020-02-14,15.9,10.2,,0.0,,,,,,
2020-02-15,,,,,,,,,,
2020-02-16,,,,,,,,,,
2020-02-17,,,,,,,,,,
2020-02-18,,,,,,,,,,
2020-02-19,,,,,,,,,,
2020-02-20,17.8,,,0.5,,,,,,
2020-02-21,16.5,11.7,,13.0,,,,,,
2020-02-22,16.8,10.9,,0.0,,,,,,
2020-02-23,,,,,,,,,,
2020-02-24,,,,,,,,,,
2020-02-25,,,,,,,,,,
2020-02-26,,,,,,,,,,
2020-02-27,,,,,,,,,,
2020-02-28,,,,,,,,,,
2020-02-29,17.3,13.1,,20.1,,,,,,
2020-03-01,18.3,12.1,,4.1,,,,,,
2020-03-02,18.1,12.2,,0.0,,,,,,
2020-03-03,,,,,,,,,,
2020-03-04,,,,,,,,,,
2020-03-05,15.2,,,21.1,,,,,,
2020-03-06,13.3,11.8,,15.0,,,,,,
2020-03-07,13.5,11.0,,18.0,,,,,,
2020-03-08,17.6,11.9,,2.0,,,,,,
2020-03-09,16.1,9.4,,0.0,,,,,,
2020-03-10,,,,,,,,,,
2020-03-11,,,,,,,,,,
2020-03-12,15.6,,,25.9,,,,,,
2020-03-13,16.5,10.7,24.2,14.0,,,,,,
2020-03-14,14.8,,,9.9,,,,,,
2020-03-15,17.0,9.9,,11.9,,,,,,
2020-03-16,18.0,11.0,24.8,0.0,,,,,,
2020-03-17,,,,,,,,,,
2020-03-18,,,,,,,,,,
2020-03-19,,,,,,,,,,
2020-03-20,,,,,,,,,,
2020-03-21,,,,,,,,,,
2020-03-22,20.5,13.4,,0.5,,,,,,
2020-03-23,21.8,15.9,,0.0,,,,,,
2020-03-24,17.9,,,1.0,,,,,,
2020-03-25,19.0,13.8,,7.1,,,,,,
2020-03-26,21.5,14.4,,0.0,,,,,,
2020-03-27,17.0,,,5.1,,,,,,
2020-03-28,19.1,15.0,,66.0,,,,,,
2020-03-29,19.8,12.8,,0.0,,,,,,
2020-03-30,,,,,,,,,,
2020-03-31,20.5,,,0.0,,,,,,
2020-04-01,21.1,13.7,,1.0,,,,,,
2020-04-02,20.6,,,0.0,,,,,,
2020-04-03,,,,,,,,,,
2020-04-04,,,,,,,,,,
2020-04-05,,,,,,,,,,
2020-04-06,22.6,15.0,,34.0,,,,,,
2020-04-07,20.3,,25.7,0.0,,,,,,
2020-04-08,22.4,14.5,,0.3,,,,,,
2020-04-09,22.8,16.0,,0.0,,,,,,
2020-04-10,,,,,,,,,,
2020-04-11,,,,,,,,,,
2020-04-12,,,,,,,,,,
2020-04-13,,,,,,,,,,
2020-04-14,,,,,,,,,,
2020-04-15,,,,,,,,,,
2020-04-16,,,,,,,,,,
2020-04-17,,,,,,,,,,
2020-04-18,22.9,16.2,29.4,16.0,,,,,,
2020-04-19,26.1,18.2,,0.0,,,,,,
2020-04-20,,,,,,,,,,
2020-04-21,,,,,,,,,,
2020-04-22,,,,,,,,,,
2020-04-23,,,,,,,,,,
2020-04-24,,,,,,,,,,
2020-04-25,,,,,,,,,,
2020-04-26,24.8,20.0,,2.0,,,,,,
2020-04-27,23.5,,,0.5,,,,,,
2020-04-28,25.8,19.4,,0.5,,,,,,
2020-04-29,27.6,20.2,,0.0,,,,,,
2020-04-30,,,,,,,,,,
2020-05-01,,,,,,,,,,
2020-05-02,,,,,,,,,,
2020-05-03,,,,,,,,,,
2020-05-04,,,,,,,,,,
2020-05-05,,,,,,,,,,
2020-05-06,,,,,,,,,,
2020-05-07,,,,,,,,,,
2020-05-08,,,,,,,,,,
2020-05-09,,,,,,,,,,
2020-05-10,26.9,19.2,,16.0,,,,,,
2020-05-11,27.9,21.8,,0.0,,,,,,
2020-05-12,,,,,,,,,,
2020-05-13,,,,,,,,,,
2020-05-14,,,,,,,,,,
2020-05-15,,,,,,,,,,
2020-05-16,,,,,,,,,,
2020-05-17,,,,,,,,,,
2020-05-18,,,,,,,,,,
2020-05-19,,,,,,,,,,
2020-05-20,,,,,,,,,,
2020-05-21,,,,,,,,,,
2020-05-22,,,,,,,,,,
2020-05-23,,,,,,,,,,
2020-05-24,,,,,,,,,,
2020-05-25,,,,,,,,,,
2020-05-26,,,,,,,,,,
2020-05-27,,,,,,,,,,
2020-05-28,,,,,,,,,,
2020-05-29,,,,,,,,,,
2020-05-30,,,,,,,,,,
2020-05-31,,,,,,,,,,
2020-06-01,,,,,,,,,,
2020-06-02,,,,,,,,,,
2020-06-03,,,,,,,,,,
2020-06-04,,,,,,,,,,
2020-06-05,,,,,,,,,,
2020-06-06,24.2,21.4,,21.1,,,,,,
2020-06-07,28.0,22.8,,1.0,,,,,,
2020-06-08,30.0,24.2,,0.0,,,,,,
2020-06-09,,,,,,,,,,
2020-06-10,,,,,,,,,,
2020-06-11,29.6,24.9,,0.0,,,,,,
2020-06-12,30.4,25.0,,0.3,,,,,,
2020-06-13,29.7,24.9,,1.0,,,,,,
2020-06-14,31.9,24.4,,0.5,,,,,,
2020-06-15,33.2,25.6,40.8,0.0,,,,,,
2020-06-16,,,,,,,,,,
2020-06-17,,,,,,,,,,
2020-06-18,,,,,,,,,,
2020-06-19,,,,,,,,,,
2020-06-20,,,,,,,,,,
2020-06-21,,,,,,,,,,
2020-06-22,32.9,27.7,,0.0,,,,,,
2020-06-23,,,,,,,,,,
2020-06-24,30.1,23.8,,32.0,,,,,,
2020-06-25,30.4,27.4,,0.0,,,,,,
2020-06-26,,,,,,,,,,
2020-06-27,,,,,,,,,,
2020-06-28,,,,,,,,,,
2020-06-29,28.5,22.1,,35.1,,,,,,
2020-06-30,31.1,25.4,,0.0,,,,,,
2020-07-01,,,,,,,,,,
2020-07-02,,,,,,,,,,
2020-07-03,,,,,,,,,,
2020-07-04,,,,,,,,,,
2020-07-05,,,,,,,,,,
2020-07-06,32.3,,,,,,6.2,,999.2,
2020-07-07,,,,,,,,,,
2020-07-08,29.6,24.4,,5.1,,,,,,
2020-07-09,32.3,26.4,,0.0,,,,,,
2020-07-10,31.2,,,,,,8.9,,996.7,
2020-07-11,,,,,,,,,,
2020-07-12,28.8,23.2,33.4,9.9,,,8.0,,999.9,
2020-07-13,30.1,25.4,,0.0,,,,,,
2020-07-14,,,,,,,,,,
2020-07-15,,,,,,,,,,
2020-07-16,29.1,22.6,35.8,27.9,,,,,,
2020-07-17,30.0,27.0,,0.0,,,,,,
2020-07-18,32.1,27.2,,11.9,,,,,,
2020-07-19,26.1,23.9,,6.1,,,,,,
2020-07-20,29.1,25.4,,30.0,,,,,,
2020-07-21,25.5,,,0.0,,,,,,
2020-07-22,28.6,,,14.0,,,,,,
2020-07-23,29.7,23.7,,0.3,,,,,,
2020-07-24,31.0,25.4,,0.0,,,,,,
2020-07-25,29.8,24.8,,0.3,,,,,,
2020-07-26,30.7,25.7,,0.3,,,,,,
2020-07-27,31.5,27.9,,0.0,,,,,,
2020-07-28,30.9,25.5,36.8,1.0,,,8.3,,999.7,
2020-07-29,30.2,22.9,,112.0,,,9.4,,999.8,
2020-07-30,28.5,25.2,,4.1,,,7.5,,1002.6,
2020-07-31,29.5,26.4,,0.0,,,,,,
2020-08-01,27.7,22.8,32.3,23.1,,,,,,
2020-08-02,30.4,26.1,,1.0,,,,,,
2020-08-03,30.4,26.1,35.6,0.0,,,6.4,,995.0,
2020-08-04,31.7,25.8,,2.0,,,5.1,,993.7,
2020-08-05,32.4,27.0,,0.0,,,6.4,,996.2,
2020-08-06,,,,,,,,,,
2020-08-07,31.3,,,,,,7.7,,1002.4,
2020-08-08,,,,,,,,,,
2020-08-09,28.4,25.0,,45.0,,,,,,
2020-08-10,30.4,,,2.0,,,7.2,,999.3,
2020-08-11,30.6,26.0,,0.5,,,,,,
2020-08-12,30.9,,,0.0,,,,,,
2020-08-13,29.2,25.9,,17.0,,,,,,
2020-08-14,29.6,25.9,33.9,10.9,,,,,,
2020-08-15,30.3,26.9,,0.0,,,,,,
2020-08-16,,,,,,,,,,
2020-08-17,29.3,25.5,,14.0,,,,,,
2020-08-18,29.5,26.1,,3.0,,,,,,
2020-08-19,28.9,24.4,35.0,6.1,,,7.8,,997.7,
2020-08-20,27.3,,32.6,30.0,,,6.7,,1002.5,
2020-08-21,24.4,,26.0,6.1,,,,,,
2020-08-22,29.7,22.7,,7.1,,,4.5,,1003.0,
2020-08-23,30.9,25.6,,0.0,,,4.2,,1001.8,
2020-08-24,,,,,,,,,,
2020-08-25,,,,,,,,,,
2020-08-26,26.1,19.4,,55.9,,,,,,
2020-08-27,23.9,22.7,,73.9,,,,,,
2020-08-28,25.7,23.3,,59.9,,,,,,
2020-08-29,28.3,24.1,,14.0,,,,,,
2020-08-30,29.1,25.1,,0.0,,,,,,
2020-08-31,29.5,24.1,,23.1,,,8.8,,1003.8,
2020-09-01,28.0,24.6,,7.9,,,,,,
2020-09-02,30.4,26.1,,0.0,,,4.5,,1007.0,
2020-09-03,29.7,,,,,,8.0,,1008.8,
2020-09-04,27.4,,,,,,5.0,,1008.0,
2020-09-05,,,,,,,,,,
2020-09-06,29.3,,33.2,0.3,,,4.2,,1003.6,
2020-09-07,27.3,21.5,,40.9,,,,,,
2020-09-08,28.2,23.4,,0.0,,,,,,
2020-09-09,,,,,,,,,,
2020-09-10,,,,,,,,,,
2020-09-11,,,,,,,,,,
2020-09-12,,,,,,,,,,
2020-09-13,31.6,,,,,,3.2,,1005.4,
2020-09-14,31.5,,,,,,3.1,,1004.3,
2020-09-15,31.7,,,,,,3.4,,1003.5,
2020-09-16,,,,,,,,,,
2020-09-17,31.7,,,,,,4.0,,1002.6,
2020-09-18,,,,,,,,,,
2020-09-19,,,,,,,,,,
2020-09-20,31.1,,,,,,4.0,,1002.0,
2020-09-21,30.6,,,,,,4.2,,1000.9,
2020-09-22,,,,,,,,,,
2020-09-23,,,,,,,,,,
2020-09-24,30.8,,,,,,3.7,,1003.1,
2020-09-25,30.0,,,,,,5.2,,1002.5,
2020-09-26,,,,,,,,,,
2020-09-27,28.0,,,,,,4.8,,1005.8,
2020-09-28,27.8,,,,,,3.8,,1007.3,
2020-09-29,,,,,,,,,,
2020-09-30,,,,,,,,,,
2020-10-01,,,,,,,,,,
2020-10-02,27.6,,,,,,5.3,,1005.4,
2020-10-03,,,,,,,,,,
2020-10-04,,,,,,,,,,
2020-10-05,26.9,,,,,,4.5,,1007.2,
2020-10-06,,,,,,,,,,
2020-10-07,,,,,,,,,,
2020-10-08,,,,,,,,,,
2020-10-09,,,,,,,,,,
2020-10-10,27.1,,,,,,4.3,,1008.8,
2020-10-11,27.0,,,,,,4.2,,1006.7,
2020-10-12,,,,,,,,,,
2020-10-13,,,,,,,,,,
2020-10-14,,,,,,,,,,
2020-10-15,,,,,,,,,,
2020-10-16,,,,,,,,,,
2020-10-17,,,,,,,,,,
2020-10-18,,,,,,,,,,
2020-10-19,,,,,,,,,,
2020-10-20,,,,,,,,,,
2020-10-21,,,,,,,,,,
2020-10-22,,,,,,,,,,
2020-10-23,,,,,,,,,,
2020-10-24,,,,,,,,,,
2020-10-25,,,,,,,,,,
2020-10-26,,,,,,,,,,
2020-10-27,,,,,,,,,,
2020-10-28,,,,,,,,,,
2020-10-29,,,,,,,,,,
2020-10-30,,,,,,,,,,
2020-10-31,,,,,,,,,,
2020-11-01,,,,,,,,,,
2020-11-02,,,,,,,,,,
2020-11-03,,,,,,,,,,
2020-11-04,,,,,,,,,,
2020-11-05,,,,,,,,,,
2020-11-06,,,,,,,,,,
2020-11-07,,,,,,,,,,
2020-11-08,,,,,,,,,,
2020-11-09,,,,,,,,,,
2020-11-10,,,,,,,,,,
2020-11-11,,,,,,,,,,
2020-11-12,,,,,,,,,,
2020-11-13,,,,,,,,,,
2020-11-14,,,,,,,,,,
2020-11-15,16.0,,,0.0,,,,,,
2020-11-16,14.9,,,26.9,,,,,,
2020-11-17,16.3,10.4,,2.0,,,,,,
2020-11-18,15.3,9.7,23.7,0.0,,,,,,
2020-11-19,,,,,,,,,,
2020-11-20,,,,,,,,,,
2020-11-21,,,,,,,,,,
2020-11-22,,,,,,,,,,
2020-11-23,,,,,,,,,,
2020-11-24,17.2,13.9,,0.0,,,,,,
2020-11-25,14.7,,,0.8,,,,,,
2020-11-26,14.9,9.7,,4.1,,,,,,
2020-11-27,15.5,8.8,,0.0,,,,,,
2020-11-28,,,,,,,,,,
2020-11-29,,,,,,,,,,
2020-11-30,,,,,,,,,,
2020-12-01,,,,,,,,,,
2020-12-02,,,,,,,,,,
2020-12-03,,,,,,,,,,
2020-12-04,,,,,,,,,,
2020-12-05,,,,,,,,,,
2020-12-06,,,,,,,,,,
2020-12-07,,,,,,,,,,
2020-12-08,,,,,,,,,,
2020-12-09,,,,,,,,,,
2020-12-10,,,,,,,,,,
2020-12-11,,,,,,,,,,
2020-12-12,14.4,11.1,,27.9,,,,,,
2020-12-13,12.9,9.9,,0.0,,,,,,
2020-12-14,,,,,,,,,,
2020-12-15,,,,,,,,,,
2020-12-16,,,,,,,,,,
2020-12-17,,,,,,,,,,
2020-12-18,,,,,,,,,,
2020-12-19,,,,,,,,,,
2020-12-20,,,,,,,,,,
2020-12-21,,,,,,,,,,
2020-12-22,,,,,,,,,,
2020-12-23,,,,,,,,,,
2020-12-24,,,,,,,,,,
2020-12-25,,,,,,,,,,
2020-12-26,,,,,,,,,,
2020-12-27,,,,,,,,,,
2020-12-28,,,,,,,,,,
2020-12-29,,,,,,,,,,
2020-12-30,,,,,,,,,,
2020-12-31,,,,,,,,,,
2021-01-01,,,,,,,,,,
2021-01-02,11.2,4.6,19.0,0.9,,,3.5,,1018.1,
2021-01-03,14.3,11.9,17.6,11.9,,,7.9,,1016.1,
2021-01-04,16.2,12.4,20.4,17.0,,,9.2,,1017.6,
2021-01-05,14.3,12.1,16.8,32.0,,,8.0,,1016.2,
2021-01-06,14.1,10.8,17.9,16.3,,,10.2,,1016.7,
2021-01-07,12.7,8.1,18.0,0.0,,,3.7,,1015.5,
2021-01-08,12.4,8.3,17.2,0.1,,,5.1,,1015.3,
2021-01-09,11.7,7.2,17.2,0.0,,,3.5,,1017.1,
2021-01-10,12.1,5.9,17.3,0.0,,,3.6,,1016.3,
2021-01-11,10.4,6.6,15.2,0.0,,,3.4,,1016.7,
2021-01-12,9.1,5.5,14.2,0.0,,,4.0,,1017.0,
2021-01-13,8.6,3.7,14.2,0.0,,,4.7,,1015.9,
2021-01-14,9.4,3.7,15.2,0.0,,,3.7,,1016.7,
2021-01-15,9.5,4.8,14.8,0.0,,,2.7,,1015.5,
2021-01-16,9.2,5.7,14.2,0.0,,,3.9,,1014.3,
2021-01-17,9.9,6.4,15.3,0.0,,,5.7,,1016.0,
2021-01-18,11.4,5.2,18.9,0.0,,,4.9,,1018.3,
2021-01-19,13.2,8.8,19.6,0.0,,,4.9,,1014.7,
2021-01-20,12.1,7.8,18.9,0.0,,,4.7,,1014.3,
2021-01-21,10.9,4.4,17.9,0.0,,,4.5,,1013.2,
2021-01-22,11.7,5.8,19.0,0.0,,,6.9,,1013.6,
2021-01-23,11.0,8.1,13.2,12.8,,,7.4,,1012.8,
2021-01-24,11.3,4.6,18.0,0.0,,,5.9,,1016.8,
2021-01-25,9.9,3.5,17.5,0.0,,,3.5,,1018.0,
2021-01-26,10.6,4.1,17.5,0.0,,,3.6,,1017.7,
2021-01-27,10.6,3.7,17.8,0.0,,,3.6,,1017.4,
2021-01-28,10.5,4.7,17.8,0.0,,,3.7,,1018.3,
2021-01-29,10.1,3.8,17.9,0.0,,,4.9,,1018.8,
2021-01-30,8.6,1.0,16.7,0.0,,,3.7,,1017.0,
2021-01-31,10.5,3.6,17.9,0.0,,,3.8,,1017.5,
2021-02-01,12.3,5.0,19.5,0.0,,,4.4,,1019.9,
2021-02-02,12.5,5.0,19.5,0.0,,,4.9,,1017.9,
2021-02-03,14.2,9.3,19.9,0.3,,,9.4,,1017.9,
2021-02-04,12.3,7.5,19.1,0.3,,,7.8,,1019.3,
2021-02-05,11.1,5.2,17.9,0.0,,,5.0,,1019.2,
2021-02-06,11.0,3.4,18.7,0.0,,,4.6,,1018.7,
2021-02-07,11.0,3.8,18.9,0.0,,,4.0,,1018.1,
2021-02-08,13.5,7.7,20.5,0.0,,,4.1,,1017.9,
2021-02-09,14.4,9.1,21.1,0.0,,,4.3,,1014.5,
2021-02-10,15.3,9.8,22.4,0.0,,,5.6,,1014.0,
2021-02-11,15.2,8.4,22.1,0.0,,,3.7,,1014.3,
2021-02-12,15.6,9.1,22.5,0.0,,,3.5,,1015.0,
2021-02-13,15.2,10.1,21.0,0.0,,,3.4,,1015.2,
2021-02-14,15.6,11.4,21.3,0.0,,,4.3,,1015.2,
2021-02-15,14.8,8.5,21.2,0.0,,,2.6,,1013.5,
2021-02-16,16.5,11.9,23.9,0.0,,,3.2,,1013.6,
2021-02-17,16.7,9.9,24.9,0.0,,,3.1,,1014.7,
2021-02-18,17.6,8.7,24.9,0.0,,,4.0,,1017.7,
2021-02-19,17.4,12.9,23.9,0.0,,,3.2,,1020.0,
2021-02-20,17.1,11.9,22.9,0.0,,,3.3,,1019.5,
2021-02-21,17.3,11.9,23.9,0.0,,,3.7,,1017.6,
2021-02-22,19.3,14.6,25.9,0.0,,,3.0,,1015.6,
2021-02-23,19.5,13.7,27.9,0.2,,,4.5,,1013.2,
2021-02-24,19.6,9.5,29.9,0.0,,,5.3,,1012.0,
2021-02-25,22.5,13.4,30.9,0.0,,,8.3,,1010.9,
2021-02-26,19.0,13.1,26.3,2.7,,,12.6,,1008.1,
2021-02-27,17.5,13.8,22.7,21.7,,,15.2,,1007.2,
2021-02-28,16.7,10.1,23.5,0.0,,,5.1,,1011.4,
2021-03-01,17.3,11.3,24.2,0.0,,,5.9,,1014.7,
2021-03-02,17.0,8.0,26.2,0.0,,,6.7,,1014.4,
2021-03-03,18.0,11.1,25.6,0.0,,,3.8,,1012.4,
2021-03-04,18.5,9.4,26.8,0.0,,,6.2,,1012.8,
2021-03-05,18.5,9.4,28.5,0.0,,,8.9,,1012.1,
2021-03-06,17.8,9.8,24.1,0.2,,,6.1,,1011.4,
2021-03-07,20.3,13.2,28.2,0.0,,,11.1,,1010.6,
2021-03-08,19.6,14.1,26.3,0.3,,,7.0,,1013.9,
2021-03-09,21.2,16.0,28.3,0.9,,,8.2,,1014.0,
2021-03-10,19.5,12.1,28.7,0.0,,,5.2,,1013.5,
2021-03-11,21.7,15.4,28.8,0.0,,,8.5,,1013.9,
2021-03-12,18.3,15.5,22.6,4.8,,,15.1,,1017.9,
2021-03-13,19.7,11.7,28.2,0.0,,,8.0,,1017.0,
2021-03-14,19.6,13.0,26.5,0.0,,,6.2,,1013.3,
2021-03-15,19.7,10.9,28.2,0.0,,,6.8,,1012.4,
2021-03-16,21.4,14.4,28.6,0.0,,,6.3,,1012.5,
2021-03-17,21.8,13.5,30.9,0.0,,,5.0,,1011.5,
2021-03-18,21.5,12.2,30.6,0.0,,,6.7,,1011.7,
2021-03-19,21.3,12.2,30.3,0.0,,,6.4,,1011.4,
2021-03-20,21.3,12.4,29.6,0.0,,,6.2,,1009.4,
2021-03-21,19.0,15.1,23.7,5.0,,,9.7,,1010.7,
2021-03-22,18.5,15.6,22.8,6.2,,,11.2,,1013.6,
2021-03-23,16.9,14.4,20.2,37.4,,,18.9,,1015.1,
2021-03-24,19.3,13.3,27.9,7.6,,,11.5,,1016.6,
2021-03-25,20.4,12.0,27.9,0.0,,,5.1,,1014.1,
2021-03-26,20.4,9.8,29.9,0.0,,,4.4,,1011.9,
2021-03-27,22.8,15.4,30.9,0.0,,,4.7,,1010.1,
2021-03-28,24.4,15.5,30.9,0.0,,,5.0,,1007.3,
2021-03-29,25.2,18.8,31.6,0.0,,,11.1,,1003.7,
2021-03-30,23.2,16.9,30.1,0.0,,,8.2,,1002.1,
2021-03-31,20.6,12.7,29.2,0.0,,,10.3,,1001.8,
2021-04-01,20.8,13.5,29.3,0.0,,,10.5,,1002.3,
2021-04-02,19.3,10.5,26.2,0.0,,,7.4,,1005.3,
2021-04-03,21.1,12.6,29.8,0.0,,,9.5,,1009.5,
2021-04-04,21.5,11.9,30.0,0.0,,,8.9,,1010.7,
2021-04-05,25.5,19.0,32.0,0.2,,,9.5,,1010.2,
2021-04-06,23.0,18.7,28.7,6.7,,,12.1,,1010.9,
2021-04-07,21.5,15.5,28.6,13.6,,,7.9,,1012.2,
2021-04-08,19.9,11.5,28.6,0.0,,,4.8,,1010.0,
2021-04-09,21.5,12.8,30.2,0.0,,,7.4,,1011.1,
2021-04-10,22.5,12.2,32.2,0.0,,,8.2,,1012.2,
2021-04-11,23.9,14.4,32.0,0.0,,,9.9,,1012.5,
2021-04-12,25.9,19.1,33.5,0.0,,,10.7,,1013.2,
2021-04-13,26.0,17.5,34.1,0.0,,,11.2,,1011.1,
2021-04-14,25.5,17.7,33.4,0.0,,,7.9,,1009.8,
2021-04-15,23.7,16.5,30.1,0.0,,,13.6,,1010.0,
2021-04-16,24.6,18.7,31.6,1.5,,,14.3,,1008.3,
2021-04-17,19.6,17.5,22.7,22.3,,,9.2,,1012.4,
2021-04-18,23.9,15.1,30.9,1.2,,,8.0,,1013.7,
2021-04-19,24.1,15.6,30.4,0.0,,,8.3,,1008.8,
2021-04-20,21.5,13.7,29.0,0.7,,,8.0,,1007.4,
2021-04-21,20.0,16.6,24.1,7.0,,,10.0,,1010.9,
2021-04-22,19.8,15.1,24.9,1.4,,,8.8,,1012.9,
2021-04-23,19.2,15.3,24.9,0.2,,,6.6,,1012.7,
2021-04-24,21.2,10.8,30.4,0.0,,,7.7,,1011.9,
2021-04-25,23.6,12.8,32.6,0.0,,,5.3,,1010.4,
2021-04-26,26.0,14.9,35.4,0.0,,,6.1,,1007.9,
2021-04-27,28.1,17.1,37.2,0.0,,,7.6,,1007.4,
2021-04-28,28.7,19.1,38.3,0.0,,,7.4,,1008.0,
2021-04-29,28.9,18.5,38.3,0.0,,,5.4,,1008.3,
2021-04-30,29.5,19.1,37.8,0.0,,,6.5,,1007.3,
2021-05-01,29.5,19.4,38.3,0.0,,,7.2,,1007.2,
2021-05-02,31.1,21.0,38.3,0.0,,,7.4,,1006.9,
2021-05-03,31.2,22.2,37.3,0.0,,,7.7,,1005.1,
2021-05-04,29.1,23.7,34.0,0.5,,,6.4,,1005.8,
2021-05-05,27.9,21.9,32.5,0.3,,,6.3,,1007.0,
2021-05-06,27.1,18.9,35.2,0.0,,,5.7,,1008.2,
2021-05-07,26.5,22.8,30.7,1.3,,,6.1,,1010.9,
2021-05-08,26.7,18.3,32.9,0.0,,,6.1,,1008.8,
2021-05-09,27.6,20.0,34.0,0.1,,,7.6,,1006.5,
2021-05-10,27.7,20.8,34.7,0.1,,,6.5,,1004.9,
2021-05-11,28.3,23.0,34.0,1.0,,,7.6,,1004.3,
2021-05-12,27.2,20.6,34.1,0.6,,,5.8,,1002.6,
2021-05-13,25.1,19.6,30.3,4.4,,,7.8,,1004.4,
2021-05-14,25.1,18.8,31.4,0.2,,,4.6,,1004.9,
2021-05-15,26.7,18.1,34.6,0.0,,,7.1,,1005.3,
2021-05-16,28.0,18.0,36.1,0.0,,,7.4,,1007.2,
2021-05-17,29.7,19.5,38.1,0.0,,,9.3,,1006.4,
2021-05-18,31.0,20.0,39.1,0.0,,,7.3,,1004.0,
2021-05-19,29.6,24.3,35.0,0.0,,,8.4,,1003.3,
2021-05-20,28.9,22.3,35.8,0.0,,,7.9,,1001.4,
2021-05-21,28.3,20.6,34.4,1.8,,,10.0,,1004.1,
2021-05-22,29.0,20.3,36.6,0.0,,,8.0,,1004.3,
2021-05-23,27.8,21.0,35.1,0.0,,,10.0,,1005.2,
2021-05-24,27.8,17.8,35.7,0.0,,,10.5,,1005.9,
2021-05-25,28.6,18.3,37.1,0.0,,,5.9,,1002.7,
2021-05-26,30.1,19.6,38.9,0.0,,,7.5,,999.4,
2021-05-27,31.7,20.9,40.6,0.0,,,8.1,,999.2,
2021-05-28,32.3,22.1,40.3,0.0,,,9.2,,999.7,
2021-05-29,32.9,26.1,38.7,0.0,,,9.4,,1001.6,
2021-05-30,31.8,27.3,36.8,0.1,,,6.8,,1002.4,
2021-05-31,30.7,25.8,36.6,0.1,,,6.5,,999.9,
2021-06-01,28.9,24.9,34.5,0.0,,,7.0,,1002.8,
2021-06-02,29.0,22.7,34.7,0.0,,,4.9,,1004.3,
2021-06-03,28.9,22.9,34.1,0.2,,,5.4,,1005.9,
2021-06-04,29.1,22.5,35.2,0.0,,,4.6,,1005.6,
2021-06-05,30.0,23.7,35.2,0.1,,,3.1,,1004.3,
2021-06-06,31.3,24.1,36.7,0.3,,,5.2,,1003.1,
2021-06-07,33.0,25.9,38.9,0.0,,,7.3,,1000.2,
2021-06-08,35.2,28.6,40.8,0.0,,,7.3,,997.2,
2021-06-09,36.2,29.6,42.3,0.0,,,6.9,,995.1,
2021-06-10,35.0,31.8,40.5,0.0,,,12.4,,995.9,
2021-06-11,34.0,30.1,38.4,0.0,,,9.6,,996.0,
2021-06-12,33.4,28.8,38.0,0.3,,,11.6,,997.7,
2021-06-13,30.0,23.9,35.6,5.1,,,8.8,,999.6,
2021-06-14,29.8,22.1,35.9,8.3,,,7.1,,998.1,
2021-06-15,31.2,24.3,37.3,0.0,,,8.7,,993.8,
2021-06-16,29.3,25.1,34.4,0.5,,,5.1,,997.2,
2021-06-17,29.5,23.6,34.8,0.1,,,5.4,,1000.2,
2021-06-18,31.0,24.4,36.8,0.0,,,7.8,,999.9,
2021-06-19,32.0,25.8,38.0,0.0,,,9.1,,999.4,
2021-06-20,31.4,26.5,35.8,0.0,,,8.8,,1000.6,
2021-06-21,32.0,26.0,37.4,0.0,,,8.2,,1001.3,
2021-06-22,33.1,24.7,39.7,0.0,,,6.7,,1000.1,
2021-06-23,33.5,25.3,40.1,0.0,,,5.7,,1000.2,
2021-06-24,33.1,28.1,38.1,0.0,,,8.3,,1000.5,
2021-06-25,32.2,25.9,36.7,0.1,,,5.7,,999.9,
2021-06-26,32.0,26.4,37.3,0.0,,,7.1,,1001.1,
2021-06-27,32.3,25.4,38.2,0.0,,,5.6,,1003.8,
2021-06-28,33.0,25.4,39.6,0.0,,,6.8,,1002.3,
2021-06-29,34.2,25.8,41.5,0.0,,,8.3,,998.6,
2021-06-30,35.7,27.2,42.0,0.0,,,6.0,,995.1,
2021-07-01,34.7,28.7,40.3,0.0,,,7.5,,993.8,
2021-07-02,34.2,29.2,39.4,0.0,,,6.9,,996.1,
2021-07-03,31.9,26.7,37.2,0.5,,,6.4,,999.7,
2021-07-04,32.9,27.2,38.2,0.0,,,7.3,,1000.8,
2021-07-05,33.0,27.9,38.4,0.0,,,8.2,,1001.4,
2021-07-06,34.2,27.2,39.6,0.0,,,6.0,,999.5,
2021-07-07,34.6,28.2,40.4,0.0,,,7.2,,997.9,
2021-07-08,34.6,28.5,39.8,0.0,,,6.4,,997.6,
2021-07-09,33.1,29.3,36.8,1.2,,,9.6,,999.7,
2021-07-10,29.5,25.6,33.6,16.4,,,6.9,,1000.9,
2021-07-11,30.6,27.8,34.7,7.4,,,7.5,,1001.6,
2021-07-12,25.8,24.7,28.7,226.2,,,12.1,,1003.9,
2021-07-13,27.1,23.9,30.6,21.9,,,12.1,,1003.7,
2021-07-14,27.5,23.8,31.4,15.7,,,5.5,,1003.5,
2021-07-15,29.2,24.9,33.1,0.0,,,2.8,,1003.6,
2021-07-16,29.9,26.3,33.5,0.9,,,4.6,,1004.8,
2021-07-17,30.1,26.0,33.8,2.4,,,6.8,,1001.6,
2021-07-18,30.8,27.6,34.7,0.6,,,9.4,,997.0,
2021-07-19,28.2,25.0,31.5,15.5,,,16.9,,997.0,
2021-07-20,25.8,24.8,28.0,193.4,,,9.3,,998.1,
2021-07-21,27.5,23.3,31.1,0.3,,,3.8,,997.1,
2021-07-22,28.2,23.9,32.0,2.8,,,6.0,,997.1,
2021-07-23,28.4,25.5,31.0,0.7,,,4.9,,998.9,
2021-07-24,30.3,26.0,34.1,0.1,,,3.9,,998.9,
2021-07-25,30.2,27.2,33.3,2.8,,,4.5,,998.0,
2021-07-26,28.6,26.6,30.9,24.8,,,5.9,,996.7,
2021-07-27,28.5,26.3,32.0,27.0,,,7.6,,993.9,
2021-07-28,26.5,25.3,27.8,32.8,,,10.3,,995.5,
2021-07-29,27.3,24.2,30.3,0.0,,,6.4,,997.1,
2021-07-30,27.1,24.8,30.1,6.0,,,6.8,,999.3,
2021-07-31,28.7,25.2,32.3,0.2,,,3.8,,1000.0,
2021-08-01,28.7,25.2,32.7,3.8,,,3.4,,997.6,
2021-08-02,29.2,25.6,33.7,1.9,,,3.9,,998.4,
2021-08-03,29.0,26.0,32.5,3.3,,,3.6,,1000.1,
2021-08-04,28.1,24.7,31.8,13.0,,,4.7,,1001.0,
2021-08-05,28.2,24.5,31.8,3.9,,,5.0,,1000.5,
2021-08-06,28.4,24.8,31.7,2.7,,,4.4,,1000.6,
2021-08-07,29.4,25.8,33.2,0.6,,,4.5,,1001.5,
2021-08-08,29.0,26.3,32.1,1.0,,,5.1,,1003.2,
2021-08-09,28.2,24.0,31.7,6.5,,,4.9,,1003.5,
2021-08-10,28.6,25.1,32.9,0.8,,,4.2,,1001.3,
2021-08-11,29.2,26.2,33.1,3.0,,,4.2,,1001.2,
2021-08-12,29.3,25.4,32.9,2.9,,,5.4,,1002.4,
2021-08-13,28.6,25.0,32.7,5.5,,,6.3,,1001.1,
2021-08-14,28.4,24.9,31.8,6.1,,,5.2,,999.0,
2021-08-15,26.9,23.6,30.9,8.5,,,6.3,,1001.3,
2021-08-16,28.5,23.3,33.4,0.0,,,4.5,,1003.8,
2021-08-17,29.1,23.9,34.0,0.0,,,5.1,,1003.6,
2021-08-18,30.0,24.9,34.8,0.0,,,5.0,,1001.3,
2021-08-19,30.4,25.7,34.6,0.0,,,5.1,,1000.5,
2021-08-20,29.6,26.4,33.2,0.5,,,8.2,,1003.2,
2021-08-21,28.1,25.5,31.6,0.6,,,7.3,,1006.5,
2021-08-22,26.7,25.2,29.7,8.8,,,3.9,,1006.1,
2021-08-23,28.1,23.7,32.5,0.0,,,3.3,,1002.7,
2021-08-24,29.6,25.4,33.6,0.2,,,5.3,,1000.7,
2021-08-25,30.3,27.1,33.6,0.5,,,6.3,,998.1,
2021-08-26,29.9,26.5,33.5,2.2,,,7.8,,997.0,
2021-08-27,29.9,26.3,34.3,1.0,,,7.6,,998.9,
2021-08-28,27.8,25.2,31.6,5.5,,,5.7,,1001.5,
2021-08-29,26.9,23.8,30.6,14.0,,,5.8,,1002.9,
2021-08-30,26.7,22.7,30.3,5.0,,,5.7,,1006.0,
2021-08-31,27.0,23.7,30.5,3.9,,,5.7,,1008.2,
2021-09-01,27.7,24.4,30.8,0.0,,,4.9,,1007.9,
2021-09-02,27.9,24.3,31.7,0.7,,,3.3,,1005.2,
2021-09-03,28.2,25.0,31.1,2.8,,,2.9,,1003.6,
2021-09-04,28.2,24.8,31.9,2.2,,,3.4,,1002.9,
2021-09-05,28.4,25.5,32.0,0.3,,,4.5,,1003.0,
2021-09-06,28.8,25.4,32.8,0.1,,,4.4,,1004.8,
2021-09-07,28.5,25.2,31.5,5.8,,,5.9,,1006.7,
2021-09-08,26.7,24.5,29.9,16.3,,,6.3,,1006.5,
2021-09-09,27.4,24.4,31.5,3.1,,,4.6,,1005.2,
2021-09-10,26.6,24.7,29.2,6.7,,,4.9,,1005.3,
2021-09-11,26.5,24.0,29.1,7.3,,,8.5,,1005.6,
2021-09-12,25.8,23.2,29.0,2.5,,,6.4,,1003.8,
2021-09-13,26.8,22.5,31.5,0.0,,,3.4,,1003.0,
2021-09-14,27.5,23.1,32.0,0.1,,,3.0,,1006.0,
2021-09-15,28.3,23.9,33.1,0.0,,,6.4,,1005.7,
2021-09-16,27.9,24.2,31.5,1.0,,,5.3,,1003.8,
2021-09-17,26.8,24.5,29.9,2.9,,,5.7,,1003.6,
2021-09-18,27.6,24.0,31.4,0.2,,,3.7,,1005.7,
2021-09-19,27.9,25.3,31.2,1.4,,,3.5,,1007.3,
2021-09-20,27.2,24.8,30.4,1.9,,,4.2,,1006.5,
2021-09-21,26.2,23.3,30.5,10.5,,,5.1,,1006.0,
2021-09-22,25.6,22.5,28.6,6.5,,,4.9,,1005.9,
2021-09-23,25.5,22.8,29.4,3.8,,,4.5,,1007.8,
2021-09-24,26.2,22.8,30.3,0.6,,,4.1,,1008.7,
2021-09-25,27.0,22.9,31.2,0.0,,,5.1,,1006.2,
2021-09-26,27.3,23.4,31.1,0.1,,,4.4,,1006.0,
2021-09-27,27.9,23.8,31.9,4.5,,,5.8,,1007.2,
2021-09-28,28.2,24.1,32.3,0.1,,,4.0,,1007.9,
2021-09-29,28.0,23.9,32.4,0.0,,,4.0,,1008.9,
2021-09-30,27.4,24.5,30.7,1.7,,,5.1,,1009.7,
2021-10-01,26.5,23.2,30.1,4.1,,,4.6,,1009.4,
2021-10-02,26.2,22.6,30.0,9.3,,,4.4,,1007.8,
2021-10-03,26.8,22.9,30.8,0.6,,,3.7,,1005.5,
2021-10-04,26.8,22.4,31.4,4.7,,,4.4,,1004.9,
2021-10-05,26.3,22.1,31.0,0.0,,,3.3,,1008.5,
2021-10-06,25.5,20.4,31.1,0.0,,,4.6,,1008.4,
2021-10-07,24.7,19.6,30.3,0.0,,,5.7,,1006.5,
2021-10-08,25.4,19.5,31.1,0.0,,,3.9,,1005.5,
2021-10-09,26.0,20.6,31.6,0.0,,,3.9,,1005.9,
2021-10-10,25.6,20.1,31.4,9.5,,,6.4,,1006.2,
2021-10-11,25.4,18.7,32.3,7.8,,,13.5,,1006.2,
2021-10-12,24.8,19.5,31.4,0.0,,,6.3,,1006.8,
2021-10-13,23.8,17.3,30.0,0.0,,,4.5,,1007.4,
2021-10-14,23.6,16.3,30.2,0.0,,,3.8,,1007.3,
2021-10-15,23.6,16.7,30.8,0.0,,,5.0,,1005.1,
2021-10-16,25.0,18.4,31.4,0.0,,,4.6,,1005.8,
2021-10-17,24.6,20.4,30.8,0.3,,,5.7,,1008.1,
2021-10-18,22.2,19.8,25.8,4.6,,,6.5,,1007.3,
2021-10-19,23.3,19.3,29.0,0.0,,,4.5,,1007.3,
2021-10-20,22.4,17.2,28.8,0.0,,,4.6,,1010.3,
2021-10-21,22.3,17.3,28.9,0.0,,,4.1,,1009.5,
2021-10-22,22.8,17.4,28.9,4.6,,,11.9,,1008.9,
2021-10-23,19.0,17.2,21.6,43.2,,,16.4,,1012.5,
2021-10-24,17.6,14.9,21.5,13.6,,,10.5,,1016.1,
2021-10-25,18.8,14.7,24.8,0.2,,,10.0,,1016.2,
2021-10-26,17.9,12.1,23.9,0.0,,,3.3,,1013.8,
2021-10-27,19.7,15.3,25.8,0.0,,,4.7,,1015.7,
2021-10-28,17.7,11.0,25.1,0.0,,,4.0,,1015.7,
2021-10-29,19.2,12.8,25.4,0.0,,,3.4,,1017.3,
2021-10-30,18.4,12.2,24.8,0.0,,,3.5,,1016.3,
2021-10-31,17.9,11.0,26.9,0.0,,,5.1,,1013.5,
2021-11-01,18.7,13.1,25.8,0.0,,,5.0,,1013.3,
2021-11-02,17.5,12.8,23.4,0.0,,,8.6,,1016.3,
2021-11-03,18.5,12.7,27.0,0.0,,,6.4,,1015.9,
2021-11-04,16.8,9.9,24.8,0.0,,,3.8,,1014.3,
2021-11-05,16.9,11.1,24.7,0.0,,,5.1,,1014.4,
2021-11-06,17.4,10.7,25.1,0.0,,,4.9,,1012.4,
2021-11-07,16.0,9.8,23.8,0.0,,,4.2,,1012.2,
2021-11-08,17.8,12.9,24.7,0.0,,,5.3,,1014.1,
2021-11-09,17.9,11.4,24.3,0.0,,,3.1,,1014.7,
2021-11-10,17.7,11.6,24.9,0.0,,,3.5,,1014.2,
2021-11-11,17.3,11.8,24.2,0.0,,,3.4,,1013.7,
2021-11-12,17.9,13.1,24.2,0.0,,,3.7,,1014.0,
2021-11-13,16.9,11.8,23.5,0.0,,,3.6,,1013.8,
2021-11-14,16.2,10.0,23.7,0.0,,,4.1,,1012.7,
2021-11-15,16.7,11.4,23.1,0.0,,,3.2,,1012.4,
2021-11-16,14.7,9.7,21.9,0.0,,,3.9,,1013.5,
2021-11-17,15.7,11.0,22.5,0.0,,,3.8,,1015.6,
2021-11-18,15.3,9.8,21.2,0.0,,,3.9,,1014.4,
2021-11-19,15.1,9.5,22.2,0.0,,,3.5,,1012.3,
2021-11-20,15.6,10.6,22.5,0.0,,,3.4,,1012.2,
2021-11-21,17.2,12.8,23.4,0.0,,,3.2,,1013.9,
2021-11-22,14.7,9.8,21.2,0.0,,,3.9,,1013.3,
2021-11-23,14.5,9.0,21.3,0.0,,,4.0,,1011.3,
2021-11-24,15.4,8.9,23.3,0.0,,,4.2,,1013.6,
2021-11-25,15.5,10.3,22.5,0.0,,,3.4,,1015.0,
2021-11-26,15.0,9.6,21.4,0.0,,,4.5,,1014.6,
2021-11-27,14.8,9.8,22.0,0.0,,,3.5,,1016.1,
2021-11-28,15.2,9.9,21.9,0.0,,,3.8,,1018.5,
2021-11-29,16.0,12.3,22.1,0.0,,,4.8,,1018.5,
2021-11-30,13.6,7.3,20.3,0.0,,,4.5,,1016.9,
2021-12-01,14.2,7.8,21.2,0.0,,,3.4,,1018.0,
2021-12-02,15.1,11.0,20.9,0.0,,,4.0,,1017.6,
2021-12-03,14.4,9.1,21.4,0.0,,,4.3,,1018.3,
2021-12-04,15.9,10.6,22.8,0.0,,,3.6,,1016.4,
2021-12-05,14.5,10.6,17.6,5.3,,,6.2,,1018.0,
2021-12-06,14.0,7.7,21.1,0.0,,,6.0,,1018.2,
2021-12-07,12.3,6.4,19.6,0.0,,,3.8,,1018.5,
2021-12-08,13.6,9.3,19.4,0.0,,,3.3,,1017.6,
2021-12-09,14.2,8.7,20.3,0.0,,,3.1,,1020.4,
2021-12-10,12.5,5.5,19.6,0.0,,,3.3,,1020.2,
2021-12-11,11.1,4.4,18.6,0.0,,,3.4,,1018.8,
2021-12-12,12.1,8.2,17.8,0.0,,,3.3,,1019.5,
2021-12-13,11.8,6.9,18.5,0.0,,,3.3,,1018.5,
2021-12-14,11.6,6.9,18.6,0.0,,,4.5,,1018.4,
2021-12-15,10.7,4.0,17.9,0.0,,,4.4,,1018.8,
2021-12-16,9.6,4.1,16.7,0.0,,,5.0,,1019.3,
2021-12-17,9.0,2.2,16.7,0.0,,,5.6,,1021.3,
2021-12-18,7.5,1.3,14.7,0.0,,,5.0,,1021.2,
2021-12-19,7.2,1.4,14.3,0.0,,,4.0,,1020.8,
2021-12-20,8.3,4.0,14.7,0.0,,,3.8,,1019.2,
2021-12-21,9.6,4.4,16.9,0.0,,,4.1,,1018.1,
2021-12-22,11.7,6.1,17.5,0.0,,,3.4,,1015.6,
2021-12-23,12.4,8.4,18.2,0.2,,,3.2,,1015.1,
2021-12-24,12.6,7.3,18.4,0.0,,,3.4,,1015.1,
2021-12-25,10.6,4.6,18.3,0.0,,,3.5,,1016.9,
2021-12-26,11.8,7.0,16.3,1.0,,,6.5,,1018.7,
2021-12-27,11.5,6.1,17.9,0.1,,,5.7,,1020.5,
2021-12-28,10.5,3.6,17.9,0.0,,,3.8,,1019.2,
2021-12-29,9.8,3.3,16.8,0.0,,,4.5,,1019.5,
2021-12-30,8.8,2.4,16.7,0.0,,,5.1,,1023.9,
2021-12-31,10.0,5.4,16.7,0.0,,,4.1,,1023.2,
2022-01-01,10.9,4.8,16.8,0.1,,,3.2,,1022.2,
2022-01-02,12.1,7.7,18.1,0.5,,,5.3,,1020.8,
2022-01-03,12.5,6.8,18.2,0.0,,,3.0,,1018.5,
2022-01-04,11.9,10.0,15.8,3.5,,,5.7,,1018.7,
2022-01-05,11.6,9.9,12.8,32.2,,,6.2,,1017.1,
2022-01-06,12.0,8.1,15.8,8.9,,,7.9,,1017.6,
2022-01-07,11.1,7.6,12.4,40.3,,,9.7,,1016.6,
2022-01-08,11.9,10.0,13.2,49.7,,,16.3,,1015.7,
2022-01-09,11.1,5.8,16.6,0.3,,,6.0,,1016.6,
2022-01-10,10.6,6.0,16.2,0.3,,,4.1,,1018.4,
2022-01-11,9.4,3.1,16.7,0.0,,,4.0,,1018.5,
2022-01-12,9.6,3.3,17.0,0.0,,,4.2,,1017.2,
2022-01-13,10.3,5.4,16.5,0.0,,,3.3,,1017.8,
2022-01-14,9.4,5.3,15.7,0.0,,,4.1,,1018.6,
2022-01-15,8.4,3.4,14.3,0.0,,,4.1,,1020.0,
2022-01-16,9.7,5.7,15.2,0.1,,,4.8,,1020.3,
2022-01-17,9.1,5.9,12.8,0.2,,,3.7,,1021.8,
2022-01-18,9.9,6.0,15.3,0.0,,,3.6,,1019.4,
2022-01-19,10.4,7.1,13.7,2.9,,,4.5,,1016.2,
2022-01-20,11.8,8.6,15.2,1.8,,,3.7,,1012.2,
2022-01-21,11.4,7.7,15.9,8.3,,,6.0,,1012.6,
2022-01-22,10.4,9.7,11.4,19.7,,,10.4,,1008.3,
2022-01-23,11.6,9.6,14.2,18.3,,,14.2,,1010.0,
2022-01-24,10.4,7.2,15.4,0.4,,,4.3,,1014.1,
2022-01-25,9.4,4.5,15.5,0.0,,,4.3,,1015.3,
2022-01-26,10.2,6.5,14.9,0.1,,,4.4,,1016.1,
2022-01-27,10.3,6.5,16.6,0.0,,,5.2,,1017.2,
2022-01-28,9.0,3.4,15.9,0.0,,,4.0,,1017.0,
2022-01-29,10.5,3.5,17.4,0.0,,,3.2,,1017.3,
2022-01-30,11.3,5.7,18.2,0.0,,,4.4,,1012.7,
2022-01-31,12.2,5.3,19.0,0.0,,,4.5,,1011.3,
2022-02-01,12.5,6.0,19.2,2.4,,,8.9,,1011.9,
2022-02-02,10.7,4.9,15.8,2.0,,,5.7,,1010.8,
2022-02-03,10.5,8.9,12.3,5.6,,,7.2,,1010.0,
2022-02-04,9.9,5.6,14.9,0.0,,,4.4,,1010.9,
2022-02-05,9.1,1.8,16.1,0.2,,,4.3,,1014.4,
2022-02-06,11.2,7.2,16.8,0.3,,,4.1,,1016.5,
2022-02-07,12.9,8.7,18.9,0.2,,,5.2,,1016.5,
2022-02-08,12.5,6.5,19.7,0.0,,,3.2,,1014.2,
2022-02-09,11.9,6.6,18.1,0.2,,,4.3,,1015.5,
2022-02-10,11.1,4.1,18.9,0.0,,,6.0,,1017.8,
2022-02-11,10.7,3.1,19.3,0.0,,,5.9,,1016.0,
2022-02-12,11.1,3.8,18.8,0.0,,,3.9,,1014.7,
2022-02-13,12.4,5.9,20.1,0.0,,,4.1,,1013.5,
2022-02-14,14.7,8.7,20.4,0.0,,,3.3,,1014.1,
2022-02-15,14.4,7.2,20.9,0.0,,,4.1,,1013.9,
2022-02-16,14.0,7.3,21.2,0.0,,,4.7,,1011.9,
2022-02-17,13.4,5.6,21.0,0.0,,,5.3,,1011.8,
2022-02-18,13.4,5.5,21.6,0.0,,,8.0,,1013.0,
2022-02-19,13.7,5.5,21.1,0.0,,,5.0,,1014.2,
2022-02-20,14.3,8.4,21.6,0.0,,,4.3,,1008.0,
2022-02-21,13.3,4.4,21.3,0.0,,,4.8,,1007.5,
2022-02-22,16.8,11.9,23.9,14.4,,,12.3,,1008.8,
2022-02-23,14.2,11.6,18.4,51.3,,,16.3,,1015.2,
2022-02-24,13.6,9.8,19.9,4.4,,,8.2,,1018.0,
2022-02-25,12.2,6.7,19.3,11.0,,,8.5,,1017.8,
2022-02-26,12.7,9.2,18.0,26.0,,,11.6,,1019.1,
2022-02-27,12.5,5.9,20.3,0.0,,,6.6,,1020.4,
2022-02-28,11.9,3.7,20.0,0.0,,,3.4,,1017.2,
2022-03-01,14.2,9.7,20.3,2.9,,,7.1,,1018.0,
2022-03-02,15.2,8.2,22.9,0.0,,,4.6,,1017.2,
2022-03-03,14.7,12.5,17.2,5.8,,,6.7,,1017.3,
2022-03-04,15.9,9.8,22.7,1.1,,,8.3,,1017.8,
2022-03-05,14.7,6.4,22.3,0.0,,,4.3,,1015.0,
2022-03-06,16.6,11.8,21.9,0.0,,,3.7,,1013.2,
2022-03-07,16.0,11.8,21.7,1.7,,,12.5,,1016.8,
2022-03-08,17.0,8.5,25.5,0.0,,,6.1,,1015.4,
2022-03-09,18.2,11.4,25.1,0.0,,,4.6,,1014.4,
2022-03-10,19.2,14.0,26.1,0.0,,,4.8,,1013.2,
2022-03-11,19.3,10.7,26.1,0.0,,,4.6,,1013.6,
2022-03-12,18.7,10.4,26.8,0.0,,,4.1,,1011.7,
2022-03-13,20.0,11.8,27.6,0.0,,,4.4,,1011.1,
2022-03-14,21.0,13.5,28.5,0.0,,,4.2,,1010.7,
2022-03-15,22.9,15.2,30.8,0.0,,,6.8,,1008.4,
2022-03-16,23.1,13.8,33.1,0.0,,,8.1,,1005.6,
2022-03-17,23.2,14.3,32.5,0.0,,,5.8,,1006.0,
2022-03-18,25.8,20.2,31.9,0.0,,,9.1,,1007.8,
2022-03-19,25.6,19.0,32.3,0.0,,,5.1,,1006.0,
2022-03-20,22.9,15.6,32.1,0.3,,,6.5,,1005.5,
2022-03-21,23.2,16.2,32.1,0.0,,,7.6,,1007.8,
2022-03-22,22.8,13.2,33.4,0.0,,,8.5,,1006.7,
2022-03-23,23.0,14.1,31.8,0.4,,,9.1,,1007.1,
2022-03-24,24.8,18.6,31.9,0.0,,,11.7,,1006.3,
2022-03-25,22.7,13.4,32.9,0.0,,,9.3,,1006.9,
2022-03-26,23.3,12.3,33.6,0.0,,,8.4,,1008.3,
2022-03-27,23.5,13.5,33.6,0.0,,,5.8,,1007.7,
2022-03-28,24.9,15.8,34.1,0.0,,,7.6,,1007.1,
2022-03-29,26.0,14.8,34.5,0.0,,,6.5,,1005.6,
2022-03-30,25.3,15.6,34.9,0.0,,,7.1,,1005.4,
2022-03-31,25.9,17.0,34.7,0.0,,,7.1,,1007.6,
2022-04-01,24.6,14.5,34.2,0.0,,,5.6,,1006.5,
2022-04-02,25.6,17.1,34.6,0.0,,,8.5,,1007.5,
2022-04-03,27.5,21.0,35.2,0.0,,,8.2,,1007.8,
2022-04-04,26.9,18.5,35.6,0.0,,,8.6,,1007.6,
2022-04-05,26.3,16.7,35.2,0.0,,,5.8,,1010.0,
2022-04-06,27.0,17.7,36.3,0.0,,,6.0,,1009.8,
2022-04-07,26.7,16.8,36.2,0.0,,,6.4,,1009.0,
2022-04-08,26.8,16.6,36.3,0.0,,,5.8,,1006.5,
2022-04-09,28.2,18.2,37.2,0.0,,,8.8,,1005.6,
2022-04-10,29.3,21.0,36.9,0.0,,,8.4,,1004.5,
2022-04-11,28.7,18.7,37.6,0.0,,,6.2,,1003.0,
2022-04-12,29.6,20.7,38.3,0.1,,,9.1,,1002.6,
2022-04-13,30.0,25.5,36.6,0.0,,,16.1,,1003.7,
2022-04-14,28.7,21.9,35.6,0.0,,,9.2,,1003.4,
2022-04-15,26.5,19.2,34.1,0.1,,,8.2,,1003.4,
2022-04-16,27.0,17.1,35.2,0.0,,,6.8,,1003.1,
2022-04-17,28.0,17.6,36.1,0.0,,,5.6,,1003.7,
2022-04-18,28.6,19.0,37.8,0.0,,,7.5,,1005.6,
2022-04-19,29.0,20.7,37.3,0.1,,,6.7,,1007.6,
2022-04-20,29.4,21.5,37.3,0.0,,,10.6,,1005.9,
2022-04-21,27.9,24.6,35.7,0.3,,,13.7,,1007.3,
2022-04-22,27.2,21.1,34.0,0.0,,,8.4,,1009.3,
2022-04-23,26.8,19.2,34.5,0.0,,,8.9,,1008.8,
2022-04-24,28.1,19.0,36.1,0.0,,,11.2,,1006.1,
2022-04-25,28.1,19.6,36.3,0.0,,,5.5,,1005.0,
2022-04-26,30.7,23.4,37.6,0.0,,,11.0,,1005.3,
2022-04-27,30.1,20.1,39.5,0.0,,,7.3,,1004.1,
2022-04-28,31.4,20.5,39.7,0.0,,,9.0,,1003.9,
2022-04-29,33.5,26.0,40.7,0.0,,,9.4,,1003.8,
2022-04-30,31.4,23.0,39.3,0.0,,,9.0,,1000.9,
2022-05-01,31.9,23.3,39.8,0.0,,,9.0,,1000.0,
2022-05-02,31.7,26.4,37.8,0.0,,,10.2,,1000.6,
2022-05-03,29.9,25.0,36.8,1.7,,,12.6,,1003.5,
2022-05-04,28.1,22.6,34.2,4.4,,,13.8,,1006.2,
2022-05-05,28.0,20.3,35.2,0.0,,,7.3,,1006.3,
2022-05-06,28.3,19.1,35.3,0.0,,,6.6,,1005.3,
2022-05-07,28.9,20.2,36.2,0.0,,,6.4,,1005.1,
2022-05-08,30.3,21.6,37.6,0.0,,,8.0,,1002.6,
2022-05-09,30.7,23.3,38.1,0.0,,,10.5,,1002.9,
2022-05-10,30.9,23.7,37.2,0.0,,,9.1,,1002.8,
2022-05-11,31.6,24.7,38.3,0.0,,,9.2,,1001.0,
2022-05-12,32.3,24.6,38.8,0.0,,,8.3,,999.5,
2022-05-13,33.2,24.6,41.7,0.0,,,8.8,,996.9,
2022-05-14,32.3,22.4,41.6,0.0,,,6.7,,996.3,
2022-05-15,33.6,23.3,43.4,0.0,,,10.0,,997.4,
2022-05-16,35.5,28.6,42.2,0.0,,,9.6,,998.0,
2022-05-17,31.5,23.9,38.2,0.0,,,8.0,,999.8,
2022-05-18,32.7,25.7,39.1,0.0,,,9.2,,1001.1,
2022-05-19,32.4,22.9,39.4,0.0,,,8.5,,1000.7,
2022-05-20,33.9,27.9,41.3,0.0,,,11.9,,997.3,
2022-05-21,32.6,25.3,39.3,0.0,,,8.8,,995.1,
2022-05-22,30.8,23.9,38.3,0.3,,,9.5,,994.1,
2022-05-23,27.1,21.3,34.6,8.1,,,19.8,,997.8,
2022-05-24,24.3,19.3,28.5,3.2,,,14.0,,1005.9,
2022-05-25,27.3,19.9,34.0,0.0,,,5.8,,1005.9,
2022-05-26,30.3,23.0,36.7,0.0,,,7.7,,1002.1,
2022-05-27,32.1,24.9,38.6,0.0,,,7.3,,998.6,
2022-05-28,32.5,25.2,39.2,0.0,,,7.4,,996.8,
2022-05-29,32.0,25.3,38.8,0.0,,,6.7,,997.8,
2022-05-30,30.4,25.4,36.4,0.7,,,9.1,,999.3,
2022-05-31,31.2,22.8,38.3,0.0,,,7.6,,999.5,
2022-06-01,32.1,23.5,39.1,0.0,,,8.3,,1000.0,
2022-06-02,32.2,23.4,39.7,0.0,,,8.9,,999.5,
2022-06-03,32.2,23.8,40.2,0.0,,,8.9,,998.3,
2022-06-04,33.0,23.9,41.6,0.0,,,8.3,,998.5,
2022-06-05,33.3,24.0,41.6,0.0,,,7.4,,998.5,
2022-06-06,33.7,24.4,42.2,0.0,,,6.3,,997.5,
2022-06-07,34.1,24.6,43.1,0.0,,,7.9,,996.8,
2022-06-08,34.7,26.2,42.5,0.0,,,8.2,,996.2,
2022-06-09,35.0,26.3,42.4,0.0,,,9.1,,995.5,
2022-06-10,34.6,26.7,42.3,0.0,,,8.5,,996.5,
2022-06-11,34.9,25.3,42.5,0.0,,,7.7,,996.9,
2022-06-12,34.9,27.0,41.8,0.0,,,7.8,,998.2,
2022-06-13,35.3,27.1,41.8,0.0,,,11.1,,1000.3,
2022-06-14,34.7,25.8,42.1,0.0,,,6.3,,998.6,
2022-06-15,35.3,29.8,42.6,0.0,,,5.7,,996.9,
2022-06-16,34.9,30.4,41.1,0.0,,,8.9,,997.9,
2022-06-17,30.1,23.5,34.7,2.6,,,8.5,,999.9,
2022-06-18,27.5,22.9,32.7,3.1,,,4.2,,1001.2,
2022-06-19,27.7,21.8,33.4,0.5,,,4.5,,1000.9,
2022-06-20,27.1,21.1,33.9,0.9,,,4.7,,998.8,
2022-06-21,23.3,20.6,27.3,16.6,,,7.4,,998.8,
2022-06-22,24.7,19.2,31.9,73.4,,,11.0,,1004.6,
2022-06-23,27.0,20.2,34.0,0.0,,,6.5,,1004.4,
2022-06-24,28.4,21.5,34.4,0.0,,,5.1,,1001.0,
2022-06-25,30.3,24.0,36.6,0.0,,,5.5,,998.7,
2022-06-26,31.6,25.4,37.7,0.0,,,6.4,,999.9,
2022-06-27,32.2,27.1,37.9,0.0,,,6.7,,1000.8,
2022-06-28,33.0,28.6,37.8,0.0,,,7.0,,997.4,
2022-06-29,33.1,29.0,37.6,0.0,,,11.6,,994.5,
2022-06-30,28.1,25.2,31.2,8.5,,,16.4,,998.1,
2022-07-01,28.6,25.3,32.4,0.0,,,10.0,,999.5,
2022-07-02,29.8,24.9,34.1,0.0,,,4.0,,997.8,
2022-07-03,29.0,25.6,32.9,14.3,,,9.4,,999.4,
2022-07-04,31.2,26.6,35.1,0.0,,,4.0,,998.2,
2022-07-05,30.6,26.2,35.7,17.7,,,4.4,,998.6,
2022-07-06,29.6,26.8,34.7,12.9,,,5.7,,1001.9,
2022-07-07,29.4,26.0,33.8,14.0,,,3.9,,1003.7,
2022-07-08,29.4,25.2,33.7,21.0,,,6.9,,1000.6,
2022-07-09,27.8,25.1,32.0,36.3,,,8.2,,999.0,
2022-07-10,27.3,24.0,31.4,30.5,,,9.3,,1000.8,
2022-07-11,29.6,25.4,33.5,1.2,,,3.4,,1000.7,
2022-07-12,29.9,24.5,34.7,2.5,,,6.7,,999.8,
2022-07-13,27.9,24.4,33.5,15.4,,,7.4,,998.8,
2022-07-14,28.7,25.7,32.4,2.5,,,5.7,,998.9,
2022-07-15,26.1,24.3,28.8,17.6,,,9.9,,1002.3,
2022-07-16,29.1,24.7,35.2,0.0,,,4.6,,1000.6,
2022-07-17,28.3,24.8,32.1,0.0,,,5.2,,1003.2,
2022-07-18,30.3,25.8,35.1,0.0,,,3.5,,1001.5,
2022-07-19,29.9,25.9,32.9,5.6,,,6.3,,999.6,
2022-07-20,28.1,24.7,31.3,11.9,,,7.6,,998.9,
2022-07-21,25.8,24.6,27.1,25.9,,,8.7,,1001.6,
2022-07-22,28.4,24.7,32.0,2.4,,,7.4,,1003.5,
2022-07-23,28.1,25.1,31.4,10.3,,,6.3,,1003.6,
2022-07-24,29.3,26.3,32.8,0.4,,,5.2,,1002.9,
2022-07-25,27.5,24.8,31.4,29.9,,,6.5,,1005.4,
2022-07-26,29.1,25.1,33.0,0.8,,,4.7,,1005.7,
2022-07-27,27.1,24.8,29.9,24.8,,,5.3,,1005.7,
2022-07-28,26.8,24.6,30.1,31.1,,,7.9,,1005.8,
2022-07-29,26.4,24.3,30.3,24.3,,,6.6,,1004.6,
2022-07-30,26.9,24.0,30.8,7.4,,,9.0,,1002.4,
2022-07-31,26.9,24.1,30.2,4.2,,,7.5,,1000.1,
2022-08-01,26.7,23.4,30.1,16.5,,,5.0,,1000.7,
2022-08-02,28.7,23.7,33.0,0.8,,,3.3,,999.9,
2022-08-03,29.6,25.1,34.0,0.0,,,4.8,,1001.2,
2022-08-04,28.5,24.2,32.5,4.7,,,7.9,,1002.5,
2022-08-05,27.1,23.6,31.1,14.7,,,6.1,,1002.2,
2022-08-06,28.1,24.8,32.1,0.6,,,3.4,,999.4,
2022-08-07,28.1,25.0,32.5,0.7,,,5.2,,999.1,
2022-08-08,29.2,24.6,33.7,0.9,,,5.4,,999.8,
2022-08-09,30.2,26.6,34.7,0.0,,,3.5,,999.6,
2022-08-10,30.6,25.9,35.3,0.0,,,4.8,,997.0,
2022-08-11,26.3,25.0,28.9,23.0,,,11.2,,1001.8,
2022-08-12,29.1,24.9,33.8,0.0,,,7.0,,1000.0,
2022-08-13,29.9,25.4,34.1,0.0,,,5.9,,999.6,
2022-08-14,29.5,25.8,33.7,8.7,,,4.4,,1001.5,
2022-08-15,26.0,24.9,27.7,28.2,,,9.6,,1004.8,
2022-08-16,27.8,24.8,31.7,0.0,,,4.1,,1002.9,
2022-08-17,28.3,25.9,33.9,0.4,,,4.6,,1003.4,
2022-08-18,28.8,25.0,32.2,0.2,,,3.7,,1001.8,
2022-08-19,28.0,25.1,32.3,2.5,,,5.4,,1001.3,
2022-08-20,26.2,24.0,29.6,3.5,,,5.3,,1003.0,
2022-08-21,27.8,23.4,32.6,2.6,,,5.6,,1001.8,
2022-08-22,28.8,24.1,33.4,0.0,,,4.0,,999.3,
2022-08-23,29.9,25.4,33.6,0.2,,,3.8,,1001.6,
2022-08-24,28.0,25.1,32.2,22.6,,,7.7,,1005.6,
2022-08-25,27.5,25.4,32.0,6.5,,,3.8,,1005.0,
2022-08-26,27.5,24.7,31.6,4.4,,,3.2,,1004.0,
2022-08-27,27.9,24.6,31.9,2.3,,,5.0,,1002.4,
2022-08-28,27.6,24.5,32.0,5.1,,,4.2,,1002.9,
2022-08-29,26.2,23.4,29.9,17.0,,,4.5,,1007.4,
2022-08-30,27.5,23.7,31.5,3.5,,,3.8,,1008.0,
2022-08-31,28.5,23.9,33.2,0.0,,,5.5,,1004.6,
2022-09-01,28.7,25.2,32.9,1.5,,,4.7,,1004.4,
2022-09-02,28.0,24.8,31.9,2.0,,,5.2,,1005.9,
2022-09-03,27.3,23.2,31.3,10.9,,,5.6,,1003.5,
2022-09-04,26.5,23.9,29.7,15.2,,,6.4,,1002.6,
2022-09-05,26.4,23.1,30.4,7.4,,,5.6,,1004.6,
2022-09-06,27.0,22.9,31.6,0.0,,,3.1,,1005.8,
2022-09-07,28.0,23.7,32.5,0.2,,,3.7,,1007.1,
2022-09-08,28.3,24.5,32.7,0.5,,,4.7,,1007.9,
2022-09-09,27.6,24.2,31.6,4.1,,,4.8,,1008.3,
2022-09-10,26.9,23.1,31.3,5.4,,,5.0,,1007.4,
2022-09-11,26.4,23.9,30.0,6.6,,,4.7,,1005.4,
2022-09-12,27.5,23.2,32.0,0.0,,,4.6,,1004.0,
2022-09-13,27.5,22.3,32.6,0.0,,,4.8,,1003.8,
2022-09-14,27.7,23.5,32.1,0.0,,,5.6,,1004.3,
2022-09-15,27.5,23.6,31.4,0.3,,,6.7,,1002.9,
2022-09-16,26.2,21.6,30.9,0.7,,,5.8,,1000.1,
2022-09-17,26.2,20.9,30.6,3.7,,,4.7,,1002.0,
2022-09-18,27.1,21.9,32.3,0.0,,,4.3,,1004.8,
2022-09-19,27.4,22.0,32.5,0.0,,,4.6,,1005.2,
2022-09-20,27.8,23.4,32.2,0.1,,,4.3,,1005.4,
2022-09-21,27.5,24.5,31.1,0.4,,,3.3,,1005.9,
2022-09-22,27.0,23.5,31.6,0.0,,,4.6,,1005.3,
2022-09-23,26.7,24.0,31.2,4.3,,,4.3,,1004.7,
2022-09-24,24.9,23.4,28.1,6.9,,,3.4,,1004.2,
2022-09-25,24.0,21.2,27.7,3.9,,,4.6,,1004.6,
2022-09-26,24.7,19.6,29.8,0.0,,,4.6,,1008.8,
2022-09-27,25.4,20.1,30.5,0.0,,,4.0,,1006.6,
2022-09-28,26.1,21.4,30.9,0.0,,,4.1,,1006.0,
2022-09-29,26.3,21.4,31.3,0.0,,,4.6,,1005.8,
2022-09-30,27.1,22.2,32.1,0.2,,,4.2,,1006.2,
2022-10-01,26.8,21.6,32.1,0.3,,,4.0,,1005.3,
2022-10-02,26.0,20.9,32.7,0.0,,,6.5,,1006.0,
2022-10-03,26.2,20.3,32.6,0.0,,,5.3,,1007.0,
2022-10-04,25.9,19.1,33.9,0.0,,,4.5,,1008.4,
2022-10-05,25.0,18.7,31.9,0.0,,,6.2,,1007.5,
2022-10-06,25.5,20.1,31.3,0.0,,,5.9,,1008.0,
2022-10-07,25.5,20.5,31.4,0.0,,,7.3,,1009.7,
2022-10-08,25.3,21.0,30.0,0.0,,,6.6,,1010.8,
2022-10-09,24.9,20.7,30.0,0.0,,,5.5,,1010.0,
2022-10-10,24.0,19.8,27.3,1.8,,,3.3,,1011.4,
2022-10-11,22.2,18.8,26.6,3.8,,,4.6,,1010.8,
2022-10-12,23.2,17.8,28.9,0.0,,,3.2,,1011.7,
2022-10-13,22.6,15.9,29.7,0.0,,,5.5,,1012.2,
2022-10-14,23.5,15.8,30.2,0.0,,,4.3,,1011.7,
2022-10-15,23.1,16.4,29.5,0.0,,,5.2,,1010.8,
2022-10-16,23.4,17.6,30.1,0.0,,,4.0,,1013.1,
2022-10-17,23.2,17.0,29.9,0.0,,,4.7,,1013.3,
2022-10-18,22.7,17.0,29.0,0.0,,,6.1,,1011.8,
2022-10-19,22.1,16.1,29.3,0.0,,,7.1,,1011.8,
2022-10-20,20.7,17.7,24.4,6.9,,,14.8,,1014.6,
2022-10-21,21.9,15.8,29.0,0.0,,,8.8,,1016.2,
2022-10-22,20.0,12.6,27.5,0.0,,,5.2,,1017.3,
2022-10-23,19.8,12.6,27.5,0.0,,,4.9,,1016.3,
2022-10-24,21.2,13.7,27.4,0.0,,,3.4,,1011.9,
2022-10-25,20.7,15.6,27.5,0.0,,,3.6,,1009.3,
2022-10-26,20.8,14.9,28.1,0.0,,,3.6,,1012.8,
2022-10-27,20.7,14.6,27.7,0.0,,,4.4,,1013.0,
2022-10-28,19.8,13.6,27.3,0.0,,,3.8,,1013.2,
2022-10-29,20.7,14.8,27.9,0.0,,,4.1,,1013.9,
2022-10-30,20.8,14.9,28.1,0.0,,,4.7,,1014.3,
2022-10-31,20.8,14.5,27.8,0.0,,,3.4,,1014.2,
2022-11-01,21.0,15.5,27.1,0.1,,,6.5,,1014.9,
2022-11-02,21.1,13.9,29.6,0.0,,,8.2,,1013.5,
2022-11-03,19.9,13.6,27.1,0.0,,,3.8,,1012.0,
2022-11-04,20.1,14.8,26.9,0.0,,,3.6,,1013.4,
2022-11-05,20.4,16.0,25.8,0.0,,,7.1,,1015.6,
2022-11-06,19.8,16.0,25.6,17.1,,,17.8,,1017.1,
2022-11-07,18.1,15.7,20.8,23.2,,,13.0,,1016.4,
2022-11-08,18.0,11.6,25.3,0.0,,,4.6,,1016.0,
2022-11-09,16.1,12.6,19.9,12.4,,,7.6,,1017.1,
2022-11-10,17.2,11.3,24.4,0.0,,,5.4,,1018.4,
2022-11-11,15.4,8.8,22.6,0.0,,,2.9,,1017.8,
2022-11-12,15.0,9.6,22.0,0.0,,,3.4,,1017.0,
2022-11-13,15.3,9.7,21.3,0.0,,,3.1,,1015.3,
2022-11-14,15.2,13.4,18.4,33.0,,,10.8,,1017.4,
2022-11-15,16.7,10.8,24.9,0.0,,,4.8,,1016.7,
2022-11-16,16.6,12.6,21.7,0.0,,,3.1,,1015.3,
2022-11-17,14.3,9.0,21.1,0.0,,,4.9,,1014.8,
2022-11-18,14.1,7.8,21.2,0.0,,,3.9,,1015.8,
2022-11-19,15.4,10.8,20.7,0.0,,,4.2,,1017.3,
2022-11-20,15.1,10.6,21.2,0.0,,,3.8,,1015.6,
2022-11-21,14.6,9.8,21.3,0.0,,,3.5,,1014.3,
2022-11-22,15.2,10.2,21.5,0.0,,,3.7,,1013.8,
2022-11-23,13.6,7.2,21.5,0.0,,,4.2,,1014.3,
2022-11-24,13.6,7.1,21.2,0.0,,,3.5,,1013.9,
2022-11-25,15.3,9.7,22.0,0.0,,,2.6,,1017.0,
2022-11-26,14.3,9.6,21.1,0.0,,,3.7,,1013.7,
2022-11-27,14.8,9.8,21.0,0.0,,,3.3,,1011.7,
2022-11-28,14.7,9.9,21.3,0.0,,,3.3,,1013.4,
2022-11-29,15.2,10.1,21.4,0.0,,,3.3,,1015.6,
2022-11-30,14.9,10.0,21.0,0.0,,,3.3,,1016.6,
2022-12-01,14.5,9.2,20.9,0.0,,,3.0,,1015.2,
2022-12-02,14.5,10.1,20.1,0.0,,,3.0,,1014.2,
2022-12-03,15.0,9.6,21.3,0.0,,,3.8,,1015.6,
2022-12-04,14.6,9.6,20.6,0.0,,,3.8,,1015.7,
2022-12-05,14.2,10.4,20.7,0.0,,,3.4,,1017.4,
2022-12-06,14.2,10.7,20.2,0.0,,,2.8,,1016.7,
2022-12-07,12.8,8.3,19.1,0.0,,,3.2,,1015.6,
2022-12-08,13.8,7.6,19.5,0.0,,,3.6,,1015.9,
2022-12-09,16.1,10.7,22.1,0.5,,,9.8,,1015.1,
2022-12-10,15.1,9.5,21.7,0.5,,,11.2,,1016.5,
2022-12-11,14.7,8.5,22.4,0.0,,,5.6,,1016.4,
2022-12-12,14.5,9.7,21.0,0.0,,,3.6,,1015.5,
2022-12-13,14.7,10.4,21.5,0.0,,,5.0,,1016.9,
2022-12-14,11.9,6.1,18.1,0.0,,,4.2,,1016.2,
2022-12-15,11.7,6.5,18.7,0.0,,,3.9,,1014.7,
2022-12-16,12.3,6.8,19.9,0.0,,,3.4,,1013.5,
2022-12-17,12.6,7.9,19.7,0.0,,,3.8,,1015.5,
2022-12-18,13.2,7.7,20.9,0.0,,,3.4,,1016.3,
2022-12-19,12.5,7.5,19.1,0.0,,,4.8,,1015.2,
2022-12-20,12.8,8.7,18.7,0.0,,,3.3,,1014.1,
2022-12-21,11.9,7.4,17.9,0.0,,,3.9,,1015.6,
2022-12-22,11.0,7.3,16.7,0.0,,,3.4,,1015.8,
2022-12-23,9.8,5.9,14.7,0.0,,,3.5,,1015.2,
2022-12-24,9.1,4.8,15.6,0.0,,,5.0,,1017.6,
2022-12-25,9.5,5.5,14.2,0.0,,,3.9,,1017.6,
2022-12-26,10.1,6.1,15.9,0.0,,,4.6,,1019.3,
2022-12-27,10.6,6.4,16.3,0.0,,,4.5,,1018.6,
2022-12-28,9.8,5.0,16.7,0.0,,,4.2,,1018.2,
2022-12-29,10.3,6.1,13.5,8.5,,,5.4,,1018.8,
2022-12-30,13.0,7.9,19.3,0.6,,,6.4,,1020.6,
2022-12-31,9.5,4.5,16.2,0.0,,,3.1,,1019.8,
2023-01-01,10.5,5.3,15.9,0.0,,,2.9,,1020.2,
2023-01-02,10.0,6.2,15.1,0.0,,,2.9,,1021.7,
2023-01-03,10.1,6.1,15.8,0.0,,,3.9,,1023.0,
2023-01-04,7.7,1.0,15.2,0.0,,,3.7,,1023.0,
2023-01-05,7.6,0.8,14.8,0.0,,,3.8,,1023.8,
2023-01-06,7.5,2.4,13.4,0.0,,,3.7,,1024.3,
2023-01-07,9.5,4.3,14.1,0.2,,,5.5,,1022.5,
2023-01-08,10.3,5.4,15.5,0.0,,,5.4,,1019.5,
2023-01-09,11.5,7.4,16.2,0.0,,,4.4,,1020.1,
2023-01-10,11.2,7.6,16.5,0.0,,,3.7,,1019.5,
2023-01-11,11.0,8.9,12.7,4.0,,,6.3,,1014.7,
2023-01-12,12.1,8.1,17.3,0.5,,,11.0,,1013.4,
2023-01-13,10.5,7.3,14.5,4.3,,,13.2,,1015.0,
2023-01-14,9.6,4.0,15.5,0.2,,,9.1,,1017.9,
2023-01-15,9.7,5.0,15.1,0.0,,,6.9,,1015.6,
2023-01-16,8.7,2.3,15.2,0.0,,,5.8,,1016.8,
2023-01-17,8.2,3.4,14.5,0.0,,,6.4,,1017.5,
2023-01-18,8.6,2.7,15.9,0.0,,,6.2,,1019.5,
2023-01-19,11.3,6.7,16.4,0.0,,,6.9,,1020.1,
2023-01-20,9.8,7.9,12.2,4.5,,,7.8,,1019.8,
2023-01-21,10.0,4.1,17.7,0.5,,,8.9,,1018.9,
2023-01-22,10.4,3.7,17.6,0.0,,,7.5,,1017.8,
2023-01-23,11.0,4.4,18.4,0.0,,,9.3,,1017.8,
2023-01-24,11.0,4.3,17.0,4.4,,,11.2,,1015.4,
2023-01-25,11.4,8.4,15.8,4.1,,,10.8,,1017.6,
2023-01-26,11.1,5.9,17.6,0.1,,,8.2,,1019.8,
2023-01-27,11.6,6.7,18.2,0.0,,,7.4,,1018.9,
2023-01-28,11.0,5.3,18.1,0.0,,,6.4,,1015.1,
2023-01-29,12.4,7.4,19.4,6.8,,,11.2,,1014.2,
2023-01-30,11.7,9.4,14.7,18.8,,,14.2,,1019.4,
2023-01-31,11.5,6.0,18.9,0.1,,,9.8,,1020.6,
2023-02-01,10.5,4.5,18.2,0.0,,,6.3,,1018.4,
2023-02-02,12.0,6.4,18.1,0.0,,,6.0,,1017.0,
2023-02-03,12.5,7.1,18.7,0.1,,,6.4,,1016.2,
2023-02-04,13.8,8.4,21.2,0.0,,,7.2,,1014.2,
2023-02-05,13.8,7.6,20.4,1.9,,,6.9,,1012.8,
2023-02-06,14.6,9.5,20.7,3.9,,,12.4,,1013.6,
2023-02-07,12.5,5.3,20.9,0.0,,,9.1,,1012.8,
2023-02-08,12.9,6.3,20.2,0.0,,,7.2,,1014.1,
2023-02-09,11.8,7.1,15.2,4.0,,,12.3,,1012.5,
2023-02-10,14.6,10.2,21.4,3.8,,,20.7,,1012.4,
2023-02-11,12.2,8.5,17.2,2.4,,,14.1,,1015.6,
2023-02-12,11.6,6.4,18.4,0.0,,,14.2,,1019.3,
2023-02-13,10.1,3.8,18.1,0.0,,,7.5,,1017.0,
2023-02-14,12.8,5.9,20.5,0.0,,,5.9,,1016.2,
2023-02-15,16.1,9.5,24.3,0.0,,,8.2,,1013.7,
2023-02-16,16.3,8.5,24.7,0.0,,,6.5,,1014.8,
2023-02-17,17.1,10.8,23.9,0.0,,,6.3,,1016.7,
2023-02-18,17.5,11.4,24.6,0.0,,,6.3,,1015.0,
2023-02-19,18.5,13.0,24.5,0.0,,,6.1,,1014.1,
2023-02-20,19.1,13.4,26.4,0.0,,,13.2,,1011.6,
2023-02-21,17.4,10.8,25.4,0.0,,,11.0,,1012.7,
2023-02-22,16.8,10.4,24.4,0.0,,,8.6,,1013.7,
2023-02-23,16.4,7.8,25.1,0.0,,,10.5,,1013.3,
2023-02-24,15.2,6.3,24.4,0.0,,,8.4,,1015.1,
2023-02-25,16.0,7.2,25.2,0.0,,,8.7,,1016.5,
2023-02-26,18.1,11.9,25.7,0.4,,,14.5,,1019.5,
2023-02-27,17.2,8.9,26.2,0.0,,,10.6,,1018.4,
2023-02-28,16.3,11.0,22.4,0.0,,,8.9,,1019.4,
2023-03-01,17.9,13.0,24.0,3.8,,,10.5,,1021.2,
2023-03-02,17.6,13.9,24.4,14.8,,,14.2,,1021.5,
2023-03-03,18.7,12.5,25.5,0.0,,,11.2,,1020.6,
2023-03-04,18.7,12.4,24.8,0.0,,,7.8,,1020.2,
2023-03-05,18.7,11.0,26.1,0.0,,,10.2,,1019.2,
2023-03-06,17.8,9.9,25.8,0.0,,,8.5,,1016.1,
2023-03-07,19.1,10.3,27.0,0.0,,,8.6,,1015.6,
2023-03-08,18.9,11.0,26.9,0.0,,,8.7,,1016.5,
2023-03-09,19.8,13.4,26.7,0.0,,,9.1,,1017.0,
2023-03-10,20.1,12.1,27.2,0.0,,,7.6,,1015.9,
2023-03-11,20.2,12.2,27.7,0.0,,,8.4,,1015.2,
2023-03-12,20.6,12.7,28.7,0.0,,,9.4,,1015.5,
2023-03-13,20.8,12.8,29.0,0.0,,,8.5,,1014.0,
2023-03-14,21.6,15.4,28.6,0.0,,,8.2,,1010.8,
2023-03-15,21.6,14.5,28.5,0.0,,,9.6,,1009.6,
2023-03-16,20.8,14.7,26.8,0.0,,,8.6,,1011.0,
2023-03-17,18.1,15.0,21.7,3.2,,,12.3,,1013.9,
2023-03-18,19.0,13.7,24.3,2.4,,,13.3,,1012.2,
2023-03-19,18.1,12.5,23.9,0.7,,,7.5,,1010.2,
2023-03-20,18.5,14.8,23.6,1.2,,,10.3,,1009.1,
2023-03-21,17.7,13.4,23.4,0.9,,,7.2,,1010.2,
2023-03-22,18.0,12.6,24.3,0.5,,,7.2,,1011.3,
2023-03-23,18.9,13.4,25.0,0.0,,,7.5,,1010.0,
2023-03-24,17.3,13.4,22.0,15.0,,,11.5,,1009.6,
2023-03-25,15.4,11.6,20.7,21.5,,,12.6,,1013.7,
2023-03-26,16.9,9.4,24.3,0.0,,,6.2,,1013.0,
2023-03-27,18.6,10.6,25.3,0.0,,,7.2,,1010.9,
2023-03-28,19.7,11.7,25.5,0.0,,,7.6,,1010.6,
2023-03-29,19.7,12.4,27.8,0.0,,,8.4,,1011.5,
2023-03-30,20.6,16.6,28.9,0.4,,,8.4,,1010.2,
2023-03-31,18.1,15.7,21.6,6.7,,,11.7,,1009.5,
2023-04-01,16.5,14.4,19.8,8.5,,,9.1,,1010.9,
2023-04-02,18.4,11.9,24.3,0.0,,,7.2,,1009.8,
2023-04-03,18.3,14.7,24.0,2.6,,,9.7,,1008.8,
2023-04-04,18.5,13.1,25.1,0.0,,,9.6,,1011.2,
2023-04-05,18.4,9.6,26.7,0.0,,,9.1,,1011.3,
2023-04-06,19.8,13.3,27.0,0.1,,,9.7,,1013.7,
2023-04-07,19.4,10.4,28.1,0.0,,,9.9,,1014.8,
2023-04-08,21.1,11.6,29.2,0.0,,,7.2,,1014.6,
2023-04-09,22.6,13.8,30.7,0.0,,,8.3,,1014.6,
2023-04-10,22.4,13.4,31.0,0.0,,,8.7,,1012.9,
2023-04-11,23.4,13.6,32.1,0.0,,,11.2,,1012.3,
2023-04-12,24.1,14.7,32.4,0.0,,,9.9,,1011.4,
2023-04-13,25.4,15.4,34.9,0.0,,,8.1,,1009.6,
2023-04-14,26.1,17.3,34.9,0.0,,,8.6,,1008.6,
2023-04-15,27.0,17.5,35.5,0.0,,,10.2,,1008.4,
2023-04-16,29.0,22.5,35.9,0.0,,,15.8,,1007.7,
2023-04-17,29.4,21.1,37.0,0.0,,,14.2,,1007.1,
2023-04-18,25.5,21.8,30.9,2.9,,,21.2,,1009.9,
2023-04-19,21.2,18.6,24.7,13.6,,,15.8,,1008.5,
2023-04-20,21.2,16.9,28.8,8.7,,,15.4,,1005.4,
2023-04-21,20.9,16.0,26.5,1.0,,,14.5,,1006.9,
2023-04-22,20.3,13.2,28.0,0.5,,,12.2,,1007.6,
2023-04-23,22.2,12.6,31.3,0.0,,,9.5,,1007.7,
2023-04-24,23.7,16.1,31.5,0.0,,,8.9,,1010.3,
2023-04-25,24.7,17.7,31.4,0.0,,,12.7,,1011.7,
2023-04-26,23.9,16.1,31.9,0.2,,,10.5,,1009.3,
2023-04-27,25.8,19.7,32.9,0.7,,,15.6,,1009.2,
2023-04-28,25.6,16.2,33.5,0.2,,,11.9,,1009.4,
2023-04-29,26.1,16.5,33.9,0.0,,,11.0,,1007.1,
2023-04-30,26.5,20.1,32.4,0.0,,,8.9,,1006.4,
2023-05-01,21.6,18.2,25.5,3.2,,,8.8,,1008.6,
2023-05-02,20.9,17.9,24.0,7.7,,,5.9,,1010.2,
2023-05-03,21.7,17.2,27.2,0.4,,,10.2,,1011.5,
2023-05-04,23.0,16.3,29.0,0.0,,,6.7,,1010.8,
2023-05-05,24.5,16.9,31.9,0.0,,,8.0,,1008.7,
2023-05-06,24.1,16.4,29.9,2.0,,,9.7,,1006.9,
2023-05-07,24.1,18.6,30.1,1.2,,,16.9,,1006.1,
2023-05-08,24.0,17.9,31.9,2.6,,,16.4,,1006.7,
2023-05-09,25.4,18.5,32.7,0.0,,,12.8,,1009.0,
2023-05-10,25.5,14.8,34.8,0.0,,,9.7,,1006.3,
2023-05-11,27.6,16.5,36.5,0.0,,,11.4,,1006.7,
2023-05-12,28.5,18.2,38.0,0.0,,,10.0,,1006.1,
2023-05-13,29.7,19.2,38.8,0.0,,,14.2,,1005.9,
2023-05-14,29.9,23.9,36.2,0.0,,,13.5,,1003.9,
2023-05-15,30.2,21.2,37.8,0.0,,,11.3,,1002.8,
2023-05-16,29.8,21.4,37.9,0.0,,,12.0,,1003.7,
2023-05-17,29.8,19.9,38.2,0.0,,,10.9,,1005.6,
2023-05-18,29.1,24.5,34.9,0.0,,,13.9,,1009.1,
2023-05-19,28.5,19.7,35.6,0.0,,,10.4,,1006.2,
2023-05-20,30.5,20.7,38.4,0.0,,,12.1,,1003.4,
2023-05-21,31.5,20.2,40.9,0.0,,,8.2,,1004.2,
2023-05-22,32.3,22.3,41.3,0.0,,,10.1,,1004.3,
2023-05-23,32.1,23.8,39.9,0.0,,,13.8,,1005.1,
2023-05-24,27.0,23.0,30.8,5.8,,,17.2,,1005.4,
2023-05-25,25.7,21.0,32.0,0.2,,,9.2,,1005.6,
2023-05-26,24.5,20.8,29.7,2.7,,,9.3,,1006.7,
2023-05-27,26.9,19.7,33.9,0.0,,,9.7,,1005.5,
2023-05-28,27.2,18.2,34.9,0.0,,,8.4,,1006.6,
2023-05-29,27.0,22.1,34.9,0.5,,,9.3,,1008.5,
2023-05-30,26.2,21.3,31.7,1.3,,,13.1,,1009.6,
2023-05-31,21.6,19.1,24.9,36.5,,,11.3,,1007.9,
2023-06-01,21.2,18.4,27.9,39.6,,,10.7,,1008.2,
2023-06-02,23.6,17.4,30.2,0.0,,,7.1,,1006.4,
2023-06-03,26.4,18.9,32.6,0.0,,,7.5,,1006.5,
2023-06-04,27.4,18.6,34.7,0.0,,,9.2,,1005.6,
2023-06-05,27.5,20.4,35.0,0.0,,,8.2,,1004.2,
2023-06-06,27.9,19.8,35.9,0.6,,,8.1,,1004.2,
2023-06-07,27.0,21.2,33.8,0.4,,,8.8,,1004.4,
2023-06-08,28.9,20.7,35.6,0.0,,,8.8,,1003.3,
2023-06-09,31.2,24.1,37.5,0.5,,,7.7,,1000.5,
2023-06-10,31.4,24.9,38.1,0.0,,,10.1,,998.5,
2023-06-11,30.2,25.3,36.2,0.0,,,7.5,,998.9,
2023-06-12,31.1,24.8,37.4,0.0,,,8.8,,998.8,
2023-06-13,31.8,24.5,38.4,0.0,,,9.2,,998.5,
2023-06-14,31.0,26.5,37.9,0.7,,,6.8,,998.9,
2023-06-15,30.2,25.7,35.1,0.6,,,7.8,,1000.5,
2023-06-16,30.1,24.0,35.8,0.0,,,6.8,,1000.7,
2023-06-17,32.3,25.4,38.4,0.0,,,7.2,,1000.3,
2023-06-18,32.7,26.2,37.9,0.0,,,8.3,,1000.1,
2023-06-19,32.9,27.8,37.7,0.2,,,7.5,,999.6,
2023-06-20,33.6,27.6,38.9,0.0,,,9.0,,997.8,
2023-06-21,33.8,28.1,38.1,0.0,,,12.0,,999.1,
2023-06-22,34.0,29.7,38.4,0.0,,,12.4,,998.9,
2023-06-23,34.1,27.6,39.2,2.0,,,13.2,,998.8,
2023-06-24,32.8,27.2,36.9,8.9,,,12.4,,998.8,
2023-06-25,30.6,25.4,35.1,16.8,,,15.5,,1000.1,
2023-06-26,27.9,23.9,32.3,33.6,,,9.9,,1002.6,
2023-06-27,29.2,24.3,34.3,0.3,,,5.9,,1001.3,
2023-06-28,29.5,26.1,33.9,0.6,,,7.6,,1002.5,
2023-06-29,29.2,26.0,33.1,0.8,,,8.7,,1001.4,
2023-06-30,29.4,23.2,33.9,10.2,,,8.5,,999.3,
2023-07-01,29.7,25.0,34.4,0.0,,,7.9,,1000.0,
2023-07-02,30.0,24.6,34.6,0.6,,,9.9,,1000.5,
2023-07-03,31.3,26.0,35.7,1.2,,,8.6,,999.9,
2023-07-04,28.5,22.9,32.4,11.8,,,11.2,,998.8,
2023-07-05,25.9,24.3,29.4,117.2,,,16.2,,999.6,
2023-07-06,27.5,23.9,31.1,5.1,,,6.9,,1002.3,
2023-07-07,27.1,23.7,32.8,15.6,,,9.0,,1002.7,
2023-07-08,25.1,23.9,27.0,26.8,,,9.6,,1003.9,
2023-07-09,26.1,23.0,30.3,12.9,,,10.7,,1002.1,
2023-07-10,27.2,23.6,31.9,0.8,,,8.9,,1002.6,
2023-07-11,28.9,24.2,34.3,0.0,,,6.4,,1001.3,
2023-07-12,29.3,25.9,33.6,1.7,,,9.2,,1000.9,
2023-07-13,28.6,24.4,32.9,8.0,,,7.1,,1001.0,
2023-07-14,29.5,25.7,33.9,2.0,,,8.4,,1001.7,
2023-07-15,29.5,25.7,33.5,1.6,,,8.4,,1000.8,
2023-07-16,27.8,24.6,32.4,28.1,,,9.9,,1001.8,
2023-07-17,29.6,25.4,33.2,1.5,,,7.3,,1000.3,
2023-07-18,28.4,25.2,32.6,9.3,,,11.6,,1000.6,
2023-07-19,27.6,25.0,30.2,42.9,,,11.0,,1001.6,
2023-07-20,29.7,25.9,33.5,4.0,,,4.9,,1001.0,
2023-07-21,29.3,26.7,33.1,4.0,,,5.4,,1002.2,
2023-07-22,26.9,25.3,28.3,34.9,,,11.2,,1006.1,
2023-07-23,28.3,25.1,33.1,0.6,,,10.4,,1005.9,
2023-07-24,29.2,25.4,32.7,0.0,,,5.8,,1002.7,
2023-07-25,28.9,25.3,32.9,8.4,,,7.1,,1002.3,
2023-07-26,26.9,24.7,30.4,17.9,,,8.7,,1003.9,
2023-07-27,27.8,25.1,31.1,6.1,,,6.4,,1003.0,
2023-07-28,27.2,24.5,31.2,12.8,,,6.0,,1000.6,
2023-07-29,27.2,22.8,32.1,13.4,,,8.1,,1000.0,
2023-07-30,28.7,24.1,33.5,0.6,,,5.5,,999.2,
2023-07-31,29.0,24.9,32.7,0.0,,,6.4,,998.7,
2023-08-01,30.1,26.3,35.9,3.0,,,7.3,,997.6,
2023-08-02,29.6,24.7,35.9,8.0,,,8.3,,998.0,
2023-08-03,28.8,24.2,33.3,16.9,,,8.5,,998.7,
2023-08-04,28.8,25.4,33.1,5.8,,,8.7,,1000.7,
2023-08-05,28.3,24.6,31.6,11.8,,,6.8,,1002.1,
2023-08-06,27.7,24.7,32.3,3.1,,,7.6,,999.2,
2023-08-07,28.4,24.3,32.6,0.4,,,7.0,,996.5,
2023-08-08,28.5,23.4,33.4,2.9,,,9.1,,998.0,
2023-08-09,29.0,25.6,33.9,4.9,,,8.4,,1001.4,
2023-08-10,28.1,24.3,32.4,7.1,,,7.8,,1003.6,
2023-08-11,28.9,24.1,33.9,5.3,,,7.9,,1003.6,
2023-08-12,29.2,25.0,34.9,3.9,,,8.8,,1000.7,
2023-08-13,28.5,25.5,32.4,5.4,,,10.3,,998.2,
2023-08-14,26.9,24.5,31.8,32.8,,,11.9,,1002.8,
2023-08-15,27.3,23.5,31.9,13.9,,,8.3,,1004.3,
2023-08-16,28.3,24.0,32.4,0.5,,,6.2,,1003.5,
2023-08-17,28.7,25.1,32.5,0.0,,,7.8,,1002.5,
2023-08-18,29.0,24.0,33.1,5.5,,,7.9,,1003.0,
2023-08-19,29.8,25.7,33.7,0.2,,,5.5,,1003.7,
2023-08-20,30.2,26.4,33.9,1.2,,,5.5,,1004.3,
2023-08-21,29.9,26.1,34.4,3.4,,,9.0,,1002.1,
2023-08-22,30.3,25.9,35.1,0.7,,,9.5,,999.8,
2023-08-23,28.3,24.3,31.3,15.2,,,13.9,,998.9,
2023-08-24,26.9,23.6,31.9,38.7,,,8.9,,999.1,
2023-08-25,27.0,23.1,32.2,5.6,,,8.7,,999.2,
2023-08-26,26.0,24.0,29.5,1.2,,,8.1,,1001.7,
2023-08-27,28.2,23.3,32.4,0.0,,,5.5,,1000.9,
2023-08-28,26.9,22.1,31.4,5.0,,,7.0,,1000.9,
2023-08-29,27.6,22.9,32.5,0.0,,,8.2,,1003.2,
2023-08-30,28.4,24.2,33.2,0.0,,,7.0,,1004.8,
2023-08-31,29.3,24.1,33.6,0.0,,,6.6,,1005.4,
2023-09-01,29.4,25.5,33.7,0.0,,,8.4,,1004.8,
2023-09-02,29.6,25.4,34.5,0.3,,,7.2,,1003.7,
2023-09-03,29.5,25.8,32.8,1.4,,,8.0,,1002.9,
2023-09-04,29.4,24.8,34.5,0.0,,,7.1,,1002.5,
2023-09-05,28.9,23.9,33.4,0.0,,,7.7,,1004.3,
2023-09-06,29.0,23.8,34.9,0.0,,,7.6,,1005.0,
2023-09-07,29.3,23.4,35.6,0.0,,,8.4,,1004.2,
2023-09-08,29.9,24.4,35.1,0.0,,,8.9,,1003.9,
2023-09-09,29.6,24.4,33.9,0.0,,,8.5,,1002.9,
2023-09-10,28.1,24.1,32.2,0.4,,,9.1,,1002.4,
2023-09-11,27.3,24.2,31.4,2.1,,,7.5,,1002.8,
2023-09-12,28.4,24.6,32.3,2.3,,,7.5,,1002.5,
2023-09-13,28.7,24.5,33.3,2.0,,,9.8,,1002.5,
2023-09-14,28.6,24.8,33.9,7.5,,,8.9,,1004.4,
2023-09-15,26.8,22.9,33.9,6.8,,,7.6,,1005.9,
2023-09-16,28.0,23.9,32.8,0.7,,,6.6,,1005.4,
2023-09-17,27.9,23.9,32.0,0.0,,,5.5,,1004.1,
2023-09-18,26.2,23.9,29.9,2.2,,,7.9,,1005.5,
2023-09-19,26.6,23.5,31.6,0.0,,,6.9,,1007.4,
2023-09-20,27.8,23.3,32.2,0.0,,,5.7,,1007.1,
2023-09-21,28.4,23.6,32.9,0.1,,,7.3,,1005.7,
2023-09-22,27.7,23.7,31.8,7.0,,,6.5,,1006.2,
2023-09-23,26.7,22.8,31.9,9.0,,,6.6,,1007.0,
2023-09-24,25.9,22.5,30.7,2.7,,,6.9,,1006.3,
2023-09-25,25.3,22.0,29.5,1.4,,,5.8,,1007.0,
2023-09-26,25.4,19.9,31.1,0.0,,,6.3,,1008.0,
2023-09-27,25.8,20.0,31.9,0.0,,,6.9,,1007.8,
2023-09-28,26.1,19.3,32.0,0.0,,,6.0,,1007.0,
2023-09-29,25.5,19.4,31.9,0.0,,,7.5,,1007.0,
2023-09-30,25.2,17.7,31.9,0.0,,,8.7,,1007.5,
2023-10-01,24.9,18.0,31.6,0.0,,,6.0,,1006.3,
2023-10-02,25.7,20.9,30.9,0.0,,,7.3,,1007.5,
2023-10-03,25.1,17.6,31.9,0.0,,,8.0,,1007.8,
2023-10-04,25.1,17.9,31.9,0.0,,,7.2,,1008.2,
2023-10-05,24.2,18.1,31.4,0.0,,,6.9,,1007.0,
2023-10-06,25.5,19.4,32.9,0.0,,,7.1,,1006.0,
2023-10-07,25.7,20.6,31.7,0.0,,,6.9,,1007.2,
2023-10-08,26.3,20.6,32.7,0.0,,,7.6,,1007.9,
2023-10-09,25.8,21.7,32.0,0.9,,,10.2,,1009.1,
2023-10-10,24.6,18.1,31.6,0.0,,,8.9,,1010.5,
2023-10-11,23.6,16.5,29.8,0.0,,,7.0,,1010.9,
2023-10-12,23.8,17.5,30.1,0.0,,,7.3,,1012.0,
2023-10-13,24.2,18.1,30.5,0.0,,,7.4,,1012.6,
2023-10-14,22.8,20.3,30.6,11.5,,,12.4,,1013.1,
2023-10-15,22.8,19.0,29.0,0.7,,,10.5,,1010.8,
2023-10-16,18.6,17.1,21.7,20.2,,,15.6,,1012.5,
2023-10-17,18.7,12.9,25.0,19.2,,,13.2,,1016.8,
2023-10-18,18.3,11.7,25.3,0.0,,,7.2,,1016.4,
2023-10-19,19.1,13.3,25.5,0.0,,,6.4,,1015.3,
2023-10-20,20.3,14.6,26.1,0.0,,,6.8,,1015.9,
2023-10-21,20.7,14.6,26.4,0.0,,,6.8,,1016.5,
2023-10-22,19.6,16.9,26.4,0.3,,,8.7,,1017.7,
2023-10-23,20.8,14.5,26.4,0.0,,,6.1,,1015.7,
2023-10-24,20.7,14.5,27.3,0.0,,,7.2,,1014.9,
2023-10-25,20.0,12.9,27.2,0.0,,,7.6,,1015.4,
2023-10-26,19.6,13.4,27.1,0.0,,,6.2,,1014.9,
2023-10-27,19.9,14.0,26.8,0.0,,,7.3,,1013.9,
2023-10-28,20.3,15.6,26.6,0.0,,,7.2,,1014.1,
2023-10-29,20.7,15.0,27.2,0.0,,,6.8,,1014.3,
2023-10-30,21.2,16.3,27.7,0.0,,,7.8,,1015.2,
2023-10-31,21.0,15.9,27.7,0.0,,,7.4,,1016.5,
2023-11-01,21.5,16.3,28.0,0.0,,,6.9,,1017.4,
2023-11-02,20.9,15.2,27.6,0.0,,,8.1,,1015.4,
2023-11-03,19.6,12.5,26.4,0.0,,,8.2,,1012.7,
2023-11-04,19.6,13.7,26.3,0.0,,,7.1,,1013.3,
2023-11-05,18.7,12.4,26.3,0.0,,,6.7,,1014.6,
2023-11-06,19.6,13.5,26.0,0.0,,,7.5,,1016.4,
2023-11-07,19.2,13.7,25.7,0.0,,,7.7,,1015.8,
2023-11-08,19.3,14.8,26.2,0.0,,,6.6,,1015.0,
2023-11-09,19.5,15.2,26.3,1.3,,,8.4,,1014.9,
2023-11-10,17.0,13.1,20.9,7.5,,,13.2,,1017.8,
2023-11-11,16.5,10.4,23.8,0.0,,,7.5,,1018.8,
2023-11-12,16.8,11.2,22.9,0.0,,,6.0,,1018.6,
2023-11-13,16.9,12.4,23.4,0.0,,,6.1,,1018.6,
2023-11-14,17.6,13.5,24.0,0.0,,,6.2,,1018.5,
2023-11-15,17.8,11.8,23.8,0.0,,,6.0,,1017.8,
2023-11-16,17.3,11.6,24.0,0.0,,,6.4,,1019.0,
2023-11-17,17.7,11.0,24.5,0.0,,,7.0,,1018.8,
2023-11-18,17.2,11.7,23.8,0.0,,,6.7,,1016.8,
2023-11-19,17.0,12.2,24.2,0.0,,,6.4,,1017.8,
2023-11-20,17.2,12.6,23.1,0.0,,,6.4,,1018.2,
2023-11-21,16.5,11.8,22.8,0.0,,,7.1,,1016.9,
2023-11-22,16.0,10.9,22.2,0.0,,,5.6,,1014.2,
2023-11-23,16.3,11.4,22.9,0.0,,,6.5,,1014.5,
2023-11-24,16.6,11.7,23.2,0.0,,,7.6,,1017.0,
2023-11-25,16.0,10.5,22.7,0.0,,,5.6,,1017.5,
2023-11-26,16.3,11.8,22.4,0.0,,,6.2,,1018.8,
2023-11-27,16.6,12.9,22.2,0.0,,,7.4,,1017.2,
2023-11-28,16.7,11.0,23.9,0.0,,,7.2,,1016.8,
2023-11-29,16.0,10.0,22.9,0.0,,,10.1,,1016.3,
2023-11-30,15.3,12.1,18.5,9.7,,,13.3,,1018.4,
2023-12-01,14.4,9.2,22.0,0.0,,,9.2,,1018.7,
2023-12-02,14.1,8.4,22.1,0.0,,,9.1,,1017.7,
2023-12-03,14.1,8.4,21.6,0.0,,,6.3,,1018.1,
2023-12-04,14.8,9.3,21.5,0.0,,,6.1,,1017.0,
2023-12-05,14.7,9.2,21.1,0.0,,,8.1,,1017.3,
2023-12-06,14.6,8.6,21.6,0.0,,,7.6,,1017.5,
2023-12-07,14.2,8.0,23.9,0.0,,,7.1,,1016.6,
2023-12-08,14.1,8.2,21.9,0.0,,,5.5,,1016.1,
2023-12-09,12.6,8.5,19.9,0.0,,,6.6,,1017.0,
2023-12-10,12.1,7.9,18.7,0.0,,,7.1,,1014.6,
2023-12-11,12.7,7.9,19.8,0.0,,,7.1,,1015.1,
2023-12-12,12.2,7.3,19.5,0.0,,,6.3,,1015.4,
2023-12-13,11.4,6.3,18.5,0.0,,,6.5,,1017.2,
2023-12-14,11.5,6.2,18.9,0.0,,,5.7,,1017.8,
2023-12-15,12.1,7.0,19.0,0.0,,,5.9,,1018.8,
2023-12-16,11.9,7.9,18.0,2.3,,,8.0,,1017.9,
2023-12-17,12.1,7.0,18.6,0.0,,,7.1,,1019.2,
2023-12-18,11.0,5.7,18.7,0.0,,,7.1,,1020.0,
2023-12-19,10.7,5.7,18.1,0.0,,,7.0,,1020.1,
2023-12-20,10.7,5.6,18.1,0.0,,,6.3,,1019.4,
2023-12-21,11.5,6.0,18.9,0.0,,,5.9,,1018.4,
2023-12-22,12.5,6.7,18.2,0.0,,,6.3,,1018.2,
2023-12-23,15.0,10.7,21.1,0.2,,,7.3,,1020.5,
2023-12-24,13.7,9.3,19.3,0.0,,,6.1,,1022.0,
2023-12-25,12.3,8.0,18.4,0.0,,,5.6,,1019.6,
2023-12-26,12.5,7.7,19.1,0.0,,,5.2,,1019.1,
2023-12-27,13.4,8.4,20.9,0.0,,,5.0,,1021.0,
2023-12-28,11.4,6.7,17.8,0.0,,,6.5,,1019.0,
2023-12-29,11.7,7.5,18.2,0.0,,,4.9,,1020.6,
2023-12-30,12.6,8.4,18.1,0.0,,,5.4,,1019.0,
2023-12-31,11.4,8.4,16.1,0.0,,,5.1,,1018.9,
2024-01-01,10.1,8.1,13.9,0.0,,,5.2,,1019.3,
2024-01-02,10.0,7.1,13.9,0.0,,,5.4,,1018.7,
2024-01-03,9.4,6.7,13.9,0.0,,,4.8,,1018.8,
2024-01-04,9.0,6.6,15.3,0.0,,,5.4,,1018.7,
2024-01-05,8.8,5.1,13.8,0.0,,,4.7,,1018.9,
2024-01-06,8.6,5.2,13.8,0.0,,,4.9,,1020.8,
2024-01-07,8.7,4.9,13.6,0.0,,,4.9,,1021.2,
2024-01-08,8.6,6.1,14.1,0.0,,,4.7,,1020.9,
2024-01-09,9.0,5.7,15.4,0.0,,,5.7,,1021.0,
2024-01-10,8.9,5.1,14.3,0.0,,,6.4,,1019.5,
2024-01-11,8.0,4.1,13.5,0.0,,,5.7,,1019.8,
2024-01-12,8.3,4.1,12.8,0.0,,,4.8,,1018.5,
2024-01-13,9.5,5.5,16.1,0.0,,,5.8,,1017.8,
2024-01-14,8.8,4.4,15.1,0.0,,,5.5,,1018.0,
2024-01-15,7.3,3.5,13.2,0.0,,,5.0,,1017.6,
2024-01-16,9.2,3.3,14.9,0.0,,,4.3,,1015.6,
2024-01-17,12.0,5.9,19.9,0.0,,,5.0,,1015.4,
2024-01-18,11.8,6.9,18.9,0.0,,,5.6,,1017.2,
2024-01-19,9.6,5.9,16.3,0.0,,,5.5,,1018.3,
2024-01-20,8.9,5.2,14.1,0.0,,,5.7,,1019.7,
2024-01-21,7.9,4.1,14.1,0.0,,,6.5,,1018.7,
2024-01-22,8.3,4.2,13.9,0.0,,,6.1,,1019.2,
2024-01-23,7.4,3.3,14.7,0.0,,,5.2,,1019.6,
2024-01-24,8.3,4.3,14.3,0.0,,,6.0,,1019.3,
2024-01-25,8.5,5.2,14.2,0.0,,,5.3,,1021.3,
2024-01-26,12.8,8.9,20.9,0.0,,,5.6,,1021.7,
2024-01-27,13.9,6.2,21.9,0.0,,,5.1,,1019.6,
2024-01-28,14.1,8.3,21.9,0.3,,,6.2,,1017.9,
2024-01-29,14.2,9.5,20.9,0.7,,,5.0,,1018.9,
2024-01-30,12.0,8.9,14.9,1.5,,,8.3,,1017.2,
2024-01-31,14.2,10.2,18.9,15.6,,,9.1,,1015.9,
2024-02-01,12.7,7.5,16.9,52.9,,,15.1,,1015.7,
2024-02-02,11.5,4.3,18.9,0.0,,,8.0,,1021.1,
2024-02-03,11.3,7.3,13.9,2.0,,,6.0,,1019.2,
2024-02-04,11.2,8.9,14.2,5.7,,,7.0,,1017.3,
2024-02-05,10.8,4.5,17.9,0.0,,,6.1,,1019.1,
2024-02-06,10.5,3.6,17.9,0.0,,,7.6,,1020.4,
2024-02-07,11.0,3.7,18.9,0.0,,,7.4,,1021.2,
2024-02-08,11.3,1.5,20.9,0.0,,,5.8,,1018.6,
2024-02-09,12.1,2.7,20.9,0.0,,,5.8,,1018.4,
2024-02-10,12.7,4.2,20.9,0.0,,,6.3,,1022.2,
2024-02-11,13.6,4.6,21.9,0.0,,,6.7,,1021.4,
2024-02-12,13.4,4.2,19.9,0.0,,,6.3,,1020.4,
2024-02-13,15.6,8.7,22.9,0.0,,,5.6,,1019.6,
2024-02-14,14.6,4.4,22.9,0.0,,,6.1,,1019.2,
2024-02-15,14.2,5.6,22.9,0.0,,,6.4,,1019.7,
2024-02-16,15.8,10.5,22.9,0.0,,,5.1,,1020.1,
2024-02-17,16.5,9.8,22.9,0.0,,,5.2,,1015.3,
2024-02-18,15.5,12.0,18.9,1.7,,,13.1,,1012.6,
2024-02-19,16.2,12.8,20.9,28.8,,,19.9,,1008.5,
2024-02-20,14.1,10.5,16.9,25.8,,,10.3,,1011.0,
2024-02-21,14.8,7.4,20.9,0.8,,,11.0,,1012.2,
2024-02-22,12.8,5.0,20.9,0.0,,,9.5,,1014.5,
2024-02-23,11.4,2.8,18.9,0.0,,,8.7,,1016.1,
2024-02-24,12.4,4.4,19.3,0.0,,,7.2,,1016.9,
2024-02-25,12.8,6.0,19.9,0.0,,,8.0,,1020.1,
2024-02-26,12.1,5.0,17.9,0.0,,,9.8,,1020.0,
2024-02-27,14.5,10.9,19.2,0.0,,,10.3,,1019.0,
2024-02-28,14.8,7.4,21.1,0.0,,,7.5,,1016.7,
2024-02-29,14.6,7.7,20.9,0.0,,,6.2,,1015.4,
2024-03-01,14.9,12.7,17.9,9.5,,,11.3,,1015.0,
2024-03-02,15.2,13.8,17.5,79.9,,,31.0,,1008.1,
2024-03-03,13.6,10.5,17.9,0.5,,,17.6,,1011.8,
2024-03-04,11.7,5.3,17.9,0.0,,,8.0,,1017.8,
2024-03-05,12.9,7.0,18.9,0.0,,,6.3,,1018.1,
2024-03-06,13.5,5.8,20.9,0.0,,,5.3,,1015.5,
2024-03-07,15.1,10.3,21.0,0.0,,,6.2,,1015.9,
2024-03-08,14.6,8.2,21.9,0.0,,,8.4,,1016.6,
2024-03-09,16.4,9.1,24.4,0.0,,,7.7,,1015.7,
2024-03-10,16.3,8.6,22.9,0.0,,,6.3,,1015.1,
2024-03-11,17.2,12.0,21.8,0.0,,,6.9,,1017.4,
2024-03-12,18.5,11.7,25.9,0.0,,,6.7,,1015.6,
2024-03-13,15.8,11.6,20.2,8.3,,,9.4,,1012.8,
2024-03-14,18.6,12.5,24.9,2.8,,,8.2,,1017.4,
2024-03-15,16.0,6.8,24.1,0.0,,,7.4,,1014.2,
2024-03-16,18.1,9.1,26.9,0.0,,,7.4,,1016.1,
2024-03-17,17.8,7.8,26.1,0.0,,,8.6,,1015.8,
2024-03-18,19.0,10.6,27.9,0.0,,,7.1,,1013.4,
2024-03-19,20.3,10.6,27.9,0.0,,,8.2,,1013.5,
2024-03-20,21.0,10.6,27.9,0.0,,,7.4,,1013.9,
2024-03-21,21.0,16.0,25.9,0.1,,,10.3,,1012.8,
2024-03-22,21.1,16.5,26.6,10.7,,,9.0,,1011.4,
2024-03-23,20.9,12.3,28.5,0.0,,,10.7,,1009.2,
2024-03-24,21.4,15.3,28.3,0.0,,,7.7,,1011.6,
2024-03-25,21.5,12.2,30.9,0.0,,,8.9,,1012.8,
2024-03-26,21.7,13.2,28.6,0.0,,,7.7,,1011.4,
2024-03-27,23.0,19.3,28.9,0.6,,,9.9,,1015.2,
2024-03-28,24.4,18.4,30.3,0.2,,,10.7,,1012.7,
2024-03-29,22.6,18.1,27.9,8.8,,,19.5,,1011.1,
2024-03-30,21.9,16.7,29.9,16.0,,,16.2,,1012.9,
2024-03-31,21.0,15.5,27.2,3.4,,,10.9,,1014.1,
2024-04-01,20.8,14.1,27.2,0.0,,,6.7,,1009.4,
2024-04-02,21.4,13.3,28.6,0.0,,,7.7,,1008.0,
2024-04-03,22.8,14.9,29.1,0.3,,,9.6,,1009.8,
2024-04-04,23.5,15.5,31.0,0.0,,,12.5,,1009.9,
2024-04-05,22.4,13.8,30.9,0.0,,,11.7,,1009.3,
2024-04-06,23.6,13.8,31.9,0.0,,,8.4,,1009.1,
2024-04-07,23.1,13.2,31.9,0.0,,,8.5,,1008.6,
2024-04-08,23.7,13.4,31.9,0.0,,,10.2,,1009.9,
2024-04-09,23.7,13.8,31.9,0.0,,,9.2,,1010.5,
2024-04-10,23.6,15.0,30.6,0.0,,,10.7,,1011.0,
2024-04-11,23.3,16.0,30.9,0.4,,,12.5,,1013.3,
2024-04-12,24.0,15.4,33.3,0.0,,,11.2,,1011.2,
2024-04-13,23.4,18.3,30.0,4.0,,,14.9,,1011.0,
2024-04-14,21.9,19.3,25.7,13.6,,,18.3,,1013.9,
2024-04-15,21.3,18.1,28.6,13.2,,,16.8,,1012.9,
2024-04-16,22.5,16.3,29.2,1.8,,,12.1,,1012.2,
2024-04-17,22.9,15.1,29.8,0.0,,,7.2,,1009.0,
2024-04-18,22.6,19.4,25.5,0.4,,,12.6,,1008.6,
2024-04-19,22.1,17.7,30.7,36.0,,,22.6,,1006.1,
2024-04-20,22.2,17.2,29.5,1.9,,,11.9,,1006.8,
2024-04-21,22.6,16.2,29.9,0.0,,,7.2,,1007.1,
2024-04-22,22.8,16.0,30.9,0.0,,,10.6,,1007.8,
2024-04-23,22.9,15.7,30.9,0.0,,,9.9,,1007.3,
2024-04-24,23.1,16.7,30.4,0.0,,,9.5,,1007.5,
2024-04-25,24.7,15.6,33.6,0.0,,,12.3,,1007.1,
2024-04-26,24.1,17.7,32.0,1.9,,,13.6,,1006.5,
2024-04-27,22.2,18.5,27.1,7.7,,,25.5,,1008.1,
2024-04-28,23.1,18.8,28.8,2.1,,,21.4,,1009.1,
2024-04-29,21.0,15.3,27.3,21.2,,,22.5,,1008.9,
2024-04-30,20.7,13.0,30.9,7.9,,,14.6,,1007.5,
2024-05-01,20.5,13.3,27.9,0.2,,,9.2,,1004.9,
2024-05-02,22.3,13.3,30.5,0.0,,,10.1,,1005.8,
2024-05-03,24.8,17.1,31.8,0.0,,,8.0,,1006.2,
2024-05-04,26.8,21.0,33.1,0.0,,,13.5,,1007.1,
2024-05-05,26.4,19.1,34.2,0.0,,,11.1,,1003.1,
2024-05-06,27.0,18.2,35.4,0.0,,,8.9,,1004.0,
2024-05-07,27.9,17.4,36.6,0.0,,,9.7,,1005.6,
2024-05-08,28.7,19.0,36.9,0.0,,,11.7,,1004.9,
2024-05-09,29.2,22.0,34.7,0.0,,,12.1,,1004.9,
2024-05-10,28.6,21.9,36.5,0.0,,,14.1,,1006.2,
2024-05-11,27.1,20.0,33.8,0.0,,,8.1,,1008.1,
2024-05-12,25.6,20.6,30.2,1.5,,,10.6,,1009.3,
2024-05-13,27.3,19.3,34.9,0.0,,,12.2,,1009.6,
2024-05-14,27.1,17.6,36.1,0.0,,,9.8,,1008.2,
2024-05-15,29.1,20.3,38.6,0.0,,,8.7,,1008.2,
2024-05-16,30.0,20.8,38.9,0.0,,,10.5,,1007.8,
2024-05-17,31.4,20.5,39.5,0.0,,,9.7,,1004.6,
2024-05-18,31.8,21.8,40.1,0.0,,,13.3,,1002.1,
2024-05-19,32.2,22.6,39.6,0.0,,,11.0,,1000.2,
2024-05-20,32.3,23.4,40.3,0.0,,,11.4,,1000.9,
2024-05-21,32.3,22.5,40.3,0.0,,,11.2,,1001.4,
2024-05-22,32.7,23.6,41.9,0.0,,,11.8,,1001.6,
2024-05-23,32.7,25.5,38.7,0.0,,,12.1,,1001.3,
2024-05-24,32.2,24.3,38.8,0.0,,,11.1,,1001.4,
2024-05-25,32.1,22.7,41.4,0.0,,,13.1,,999.2,
2024-05-26,32.9,22.8,41.2,0.0,,,10.1,,997.4,
2024-05-27,32.5,22.6,40.9,0.0,,,9.5,,994.9,
2024-05-28,32.7,23.4,41.5,0.0,,,10.0,,993.0,
2024-05-29,33.4,21.4,42.4,0.0,,,12.5,,994.1,
2024-05-30,35.2,30.3,41.8,0.0,,,20.3,,997.1,
2024-05-31,35.0,26.5,41.9,0.0,,,13.3,,999.6,
2024-06-01,35.8,28.4,43.0,0.0,,,15.4,,1000.2,
2024-06-02,33.8,25.5,40.9,0.0,,,10.6,,1002.1,
2024-06-03,33.6,24.0,42.8,0.0,,,14.5,,1000.1,
2024-06-04,33.1,25.6,40.6,0.0,,,9.5,,1000.4,
2024-06-05,31.7,22.9,40.0,0.3,,,10.8,,1002.5,
2024-06-06,29.9,22.9,37.2,0.8,,,10.8,,1005.6,
2024-06-07,31.1,23.6,38.3,0.0,,,10.8,,1003.0,
2024-06-08,31.3,22.7,37.9,0.0,,,9.7,,1001.4,
2024-06-09,32.6,22.9,40.9,0.0,,,12.1,,1001.3,
2024-06-10,32.4,21.7,40.9,0.0,,,9.4,,1000.9,
2024-06-11,34.0,23.3,41.9,0.0,,,8.4,,1000.2,
2024-06-12,34.6,24.7,42.9,0.0,,,9.6,,999.4,
2024-06-13,35.1,26.2,43.3,0.0,,,11.8,,998.4,
2024-06-14,34.6,25.8,42.3,0.0,,,10.9,,998.2,
2024-06-15,35.5,26.9,42.8,0.0,,,11.7,,997.9,
2024-06-16,35.4,25.6,42.9,0.0,,,9.1,,998.0,
2024-06-17,37.3,30.5,43.9,0.0,,,9.9,,998.0,
2024-06-18,36.5,28.3,44.0,0.0,,,10.5,,996.0,
2024-06-19,35.2,27.9,42.4,0.0,,,11.7,,994.5,
2024-06-20,34.1,27.7,39.7,0.0,,,10.7,,996.0,
2024-06-21,30.6,27.9,36.6,0.0,,,6.4,,999.8,
2024-06-22,32.6,26.9,38.8,0.0,,,9.3,,999.0,
2024-06-23,34.0,26.5,40.7,0.0,,,9.1,,999.2,
2024-06-24,34.7,26.7,41.3,0.0,,,9.3,,997.3,
2024-06-25,35.0,29.6,40.6,0.0,,,12.1,,996.4,
2024-06-26,35.7,28.0,42.1,0.0,,,11.8,,996.5,
2024-06-27,31.5,26.6,36.8,1.7,,,13.6,,1001.0,
2024-06-28,32.3,27.1,36.7,1.8,,,8.1,,999.4,
2024-06-29,32.4,27.0,37.3,0.8,,,9.2,,997.6,
2024-06-30,32.5,28.0,37.3,1.7,,,9.8,,996.7,
2024-07-01,30.4,25.3,36.0,9.5,,,10.4,,995.2,
2024-07-02,30.2,26.3,36.8,13.5,,,12.3,,993.5,
2024-07-03,30.9,26.5,36.9,3.7,,,13.9,,996.3,
2024-07-04,29.1,25.7,33.0,5.0,,,14.4,,999.9,
2024-07-05,28.5,25.0,33.3,15.4,,,10.5,,997.3,
2024-07-06,27.3,24.2,32.4,13.8,,,11.7,,995.8,
2024-07-07,29.2,25.0,33.9,0.0,,,8.8,,998.3,
2024-07-08,29.7,24.9,34.2,0.5,,,7.8,,1001.4,
2024-07-09,29.1,24.2,34.5,2.8,,,8.0,,1002.7,
2024-07-10,30.2,25.3,34.3,4.8,,,7.9,,1002.2,
2024-07-11,29.8,26.6,33.7,1.6,,,7.3,,998.0,
2024-07-12,29.2,25.5,34.0,6.3,,,9.9,,995.6,
2024-07-13,29.2,24.4,33.2,0.0,,,7.0,,997.6,
2024-07-14,29.2,25.5,35.9,0.0,,,5.8,,997.4,
2024-07-15,31.5,26.7,36.2,0.0,,,7.0,,999.5,
2024-07-16,32.5,28.1,36.9,0.0,,,7.8,,1000.2,
2024-07-17,31.4,26.2,35.3,2.6,,,10.0,,1000.4,
2024-07-18,29.1,24.4,34.1,19.2,,,9.9,,999.2,
2024-07-19,31.3,26.4,36.0,0.0,,,6.9,,997.2,
2024-07-20,31.6,26.2,35.6,0.9,,,8.1,,998.3,
2024-07-21,30.7,25.6,35.5,1.2,,,8.7,,998.5,
2024-07-22,30.2,25.2,34.8,3.9,,,9.8,,998.8,
2024-07-23,29.5,25.0,34.0,16.6,,,9.9,,997.8,
2024-07-24,30.7,26.4,34.7,0.9,,,6.9,,993.9,
2024-07-25,30.0,25.6,34.9,3.4,,,8.3,,993.5,
2024-07-26,29.8,24.5,34.2,17.2,,,9.1,,995.1,
2024-07-27,29.8,25.7,33.8,39.1,,,9.5,,997.7,
2024-07-28,30.2,26.9,34.1,3.8,,,7.6,,998.6,
2024-07-29,29.0,26.9,32.5,4.4,,,5.9,,998.4,
2024-07-30,30.6,26.5,34.0,0.2,,,7.5,,999.2,
2024-07-31,30.0,26.4,35.8,3.7,,,10.4,,998.1,
2024-08-01,26.2,25.1,29.9,58.1,,,13.0,,998.9,
2024-08-02,29.1,24.8,34.9,0.0,,,5.2,,998.2,
2024-08-03,28.7,24.9,31.7,13.3,,,9.2,,1000.2,
2024-08-04,29.1,26.3,32.8,1.1,,,7.2,,1002.2,
2024-08-05,29.0,25.6,34.9,4.6,,,6.3,,1001.8,
2024-08-06,28.2,24.3,32.9,17.1,,,9.0,,999.6,
2024-08-07,27.0,24.2,32.1,27.6,,,10.8,,1000.9,
2024-08-08,27.9,23.9,31.9,7.3,,,8.8,,1003.0,
2024-08-09,28.6,25.2,32.1,4.4,,,7.9,,1003.5,
2024-08-10,28.2,24.7,31.7,9.6,,,8.4,,1002.4,
2024-08-11,26.3,24.5,29.3,34.7,,,13.2,,1001.3,
2024-08-12,28.1,24.0,32.5,0.8,,,7.7,,1002.5,
2024-08-13,29.0,25.1,32.9,0.8,,,6.4,,1003.4,
2024-08-14,28.7,25.5,32.3,26.0,,,8.2,,1003.7,
2024-08-15,26.8,25.2,30.4,22.9,,,8.5,,1003.5,
2024-08-16,28.7,25.1,32.9,5.8,,,7.6,,1002.4,
2024-08-17,27.4,25.4,31.7,35.8,,,8.7,,1005.1,
2024-08-18,28.0,25.0,32.7,1.7,,,6.1,,1004.7,
2024-08-19,28.0,24.6,33.9,6.9,,,6.5,,1003.6,
2024-08-20,27.2,23.3,32.9,12.4,,,7.9,,1003.8,
2024-08-21,28.5,24.3,32.9,2.1,,,7.8,,1005.0,
2024-08-22,28.8,23.5,32.9,0.0,,,6.4,,1003.6,
2024-08-23,28.7,25.0,33.0,0.0,,,7.5,,1004.1,
2024-08-24,29.0,23.2,33.9,3.0,,,6.1,,1005.0,
2024-08-25,29.1,25.0,32.6,0.2,,,5.1,,1002.6,
2024-08-26,27.8,25.7,32.6,10.5,,,6.1,,1002.1,
2024-08-27,28.0,24.6,31.3,3.0,,,7.7,,1004.7,
2024-08-28,27.4,24.8,32.7,0.8,,,,,,
2024-08-29,25.6,,30.8,7.1,,,,,,
2024-08-30,26.9,22.7,32.3,17.0,,,,,,
2024-08-31,28.6,22.3,33.9,0.3,,,,,,
2024-09-01,29.8,24.7,34.5,0.0,,,,,,
2024-09-02,,,,,,,,,,
2024-09-03,27.5,22.2,34.8,37.1,,,,,,
2024-09-04,28.3,22.5,33.2,7.9,,,4.6,,,
2024-09-05,26.8,23.0,30.9,1.2,,,6.7,,1001.9,
2024-09-06,26.8,22.8,30.5,12.9,,,8.2,,1004.1,
2024-09-07,26.8,22.9,30.6,8.7,,,8.7,,1005.4,
2024-09-08,27.8,23.9,32.0,1.3,,,6.5,,1004.6,
2024-09-09,28.9,24.7,33.9,0.0,,,5.0,,1002.1,
2024-09-10,27.7,24.7,31.9,3.8,,,5.6,,1002.3,
2024-09-11,27.9,24.0,32.2,0.0,,,5.9,,1002.3,
2024-09-12,28.3,23.7,32.8,0.0,,,8.0,,999.5,
2024-09-13,27.9,23.5,32.2,0.0,,,8.0,,999.7,
2024-09-14,26.3,22.0,30.9,11.5,,,8.6,,1002.4,
2024-09-15,27.2,22.8,32.0,0.0,,,6.8,,1003.1,
2024-09-16,27.6,22.9,32.2,0.0,,,6.1,,1004.4,
2024-09-17,27.7,22.3,33.0,0.0,,,6.0,,1005.7,
2024-09-18,27.7,23.7,32.6,0.0,,,6.5,,1005.7,
2024-09-19,27.3,23.2,32.9,0.0,,,9.0,,1006.3,
2024-09-20,27.5,22.2,31.9,0.0,,,5.8,,1005.6,
2024-09-21,28.2,23.0,32.9,0.0,,,6.6,,1006.5,
2024-09-22,29.1,24.9,33.5,0.0,,,6.7,,1005.8,
2024-09-23,30.0,25.1,35.9,0.0,,,6.4,,1005.3,
2024-09-24,29.8,25.1,34.8,0.0,,,6.0,,1003.7,
2024-09-25,29.9,25.3,35.9,4.9,,,7.9,,1004.2,
2024-09-26,27.0,23.7,30.9,9.1,,,11.0,,1005.5,
2024-09-27,26.7,21.9,31.4,4.6,,,9.6,,1004.6,
2024-09-28,25.8,21.7,30.9,3.4,,,8.9,,1006.5,
2024-09-29,26.4,22.6,30.9,0.0,,,7.6,,1009.4,
2024-09-30,27.0,21.5,31.8,0.0,,,7.0,,1007.8,
2024-10-01,26.4,21.0,32.9,0.0,,,6.7,,1004.8,
2024-10-02,27.3,22.1,33.1,0.0,,,8.5,,1004.4,
2024-10-03,27.3,21.7,33.1,0.0,,,6.4,,1003.9,
2024-10-04,27.8,23.3,33.1,0.0,,,7.2,,1005.3,
2024-10-05,26.9,22.8,32.4,0.3,,,7.3,,1007.5,
2024-10-06,25.8,20.5,31.5,0.0,,,8.5,,1011.0,
2024-10-07,25.4,18.8,31.3,0.0,,,6.5,,1012.9,
2024-10-08,24.5,20.8,29.8,0.0,,,6.9,,1013.2,
2024-10-09,24.2,19.0,30.5,0.0,,,8.1,,1010.6,
2024-10-10,23.8,17.4,30.3,0.0,,,7.9,,1009.9,
2024-10-11,23.4,16.3,30.1,0.0,,,6.7,,1009.6,
2024-10-12,23.4,16.9,30.4,0.0,,,7.1,,1010.0,
2024-10-13,24.5,18.4,30.7,0.0,,,7.9,,1011.0,
2024-10-14,24.4,18.4,30.8,0.0,,,9.7,,1011.6,
2024-10-15,23.6,17.8,30.0,0.0,,,6.9,,1010.6,
2024-10-16,24.0,17.5,30.9,0.0,,,7.5,,1009.4,
2024-10-17,24.7,17.8,31.3,0.0,,,7.8,,1010.3,
2024-10-18,25.0,19.7,31.1,0.0,,,7.5,,1010.6,
2024-10-19,24.3,18.5,30.2,0.0,,,7.5,,1010.7,
2024-10-20,24.4,19.7,30.4,0.0,,,7.0,,1012.3,
2024-10-21,24.3,18.8,29.5,0.0,,,7.7,,1013.1,
2024-10-22,24.7,19.0,30.1,0.0,,,7.2,,1014.0,
2024-10-23,23.6,18.1,29.9,0.0,,,8.6,,1013.9,
2024-10-24,23.4,17.0,30.0,0.0,,,8.1,,1012.3,
2024-10-25,22.9,16.9,30.9,0.0,,,7.3,,1011.0,
2024-10-26,22.1,15.5,29.2,0.0,,,8.8,,1010.3,
2024-10-27,23.0,16.9,29.7,0.0,,,8.9,,1009.9,
2024-10-28,23.9,18.1,30.1,0.0,,,7.5,,1008.7,
2024-10-29,23.9,18.8,30.4,0.0,,,7.6,,1009.6,
2024-10-30,23.5,17.5,30.7,0.0,,,9.7,,1010.5,
2024-10-31,22.0,15.8,29.2,0.0,,,8.5,,1011.5,
2024-11-01,21.7,15.8,29.9,0.0,,,6.5,,1011.8,
2024-11-02,21.7,15.7,28.7,0.0,,,7.3,,1013.3,
2024-11-03,22.4,16.3,29.1,0.0,,,7.7,,1014.6,
2024-11-04,22.0,16.8,28.6,0.0,,,7.1,,1012.5,
2024-11-05,21.8,16.0,28.3,0.0,,,7.5,,1015.6,
2024-11-06,21.9,16.6,27.7,0.0,,,8.0,,1015.4,
2024-11-07,22.3,16.5,28.9,0.0,,,6.5,,1014.9,
2024-11-08,22.5,17.7,27.9,0.0,,,7.5,,1014.3,
2024-11-09,21.8,16.7,27.5,0.0,,,6.6,,1014.8,
2024-11-10,22.1,17.2,27.7,0.2,,,6.9,,1014.9,
2024-11-11,20.0,16.1,26.6,1.8,,,7.7,,1014.8,
2024-11-12,20.2,14.0,26.8,0.0,,,7.9,,1014.3,
2024-11-13,18.8,12.6,25.3,0.0,,,5.8,,1013.1,
2024-11-14,18.3,12.8,24.9,0.0,,,5.8,,1015.4,
2024-11-15,18.3,12.3,25.1,0.0,,,7.0,,1014.4,
2024-11-16,18.2,13.9,23.9,0.1,,,5.3,,1014.0,
2024-11-17,16.1,9.9,23.3,0.0,,,7.1,,1014.7,
2024-11-18,15.8,10.3,22.8,0.0,,,6.3,,1015.8,
2024-11-19,15.6,10.1,22.8,0.0,,,6.9,,1016.8,
2024-11-20,15.0,9.6,22.1,0.0,,,6.8,,1015.6,
2024-11-21,15.2,9.8,22.3,0.0,,,7.5,,1015.4,
2024-11-22,15.9,10.4,23.0,0.0,,,7.0,,1014.9,
2024-11-23,16.2,11.4,21.9,1.6,,,9.7,,1016.0,
2024-11-24,17.6,13.0,24.5,1.9,,,9.7,,1016.2,
2024-11-25,15.0,9.3,22.4,0.0,,,6.7,,1015.5,
2024-11-26,14.8,9.5,22.4,0.0,,,6.5,,1015.5,
2024-11-27,14.3,8.4,21.8,0.0,,,7.4,,1015.0,
2024-11-28,14.6,8.4,22.9,0.0,,,6.8,,1016.8,
2024-11-29,15.3,8.8,22.9,0.0,,,6.8,,1018.0,
2024-11-30,15.4,10.5,21.9,0.2,,,6.6,,1016.2,
2024-12-01,14.9,8.7,22.1,0.0,,,5.8,,1013.8,
2024-12-02,15.0,8.9,22.9,0.0,,,5.9,,1014.2,
2024-12-03,14.7,7.8,22.9,0.0,,,8.4,,1016.8,
2024-12-04,13.7,6.4,21.3,0.0,,,7.5,,1015.4,
2024-12-05,13.3,7.2,20.8,0.0,,,5.9,,1014.3,
2024-12-06,12.3,5.6,21.9,0.0,,,6.6,,1013.4,
2024-12-07,11.9,6.6,19.7,0.0,,,6.3,,1012.6,
2024-12-08,12.1,7.9,20.3,0.3,,,12.3,,1012.7,
2024-12-09,10.0,6.2,14.8,0.0,,,8.6,,1017.0,
2024-12-10,10.5,3.5,19.4,0.0,,,5.9,,1018.5,
2024-12-11,,,,,,,,,,
2024-12-12,,,,,,,,,,
2024-12-13,,,,,,,,,,
2024-12-14,9.1,2.8,17.3,0.0,,,6.0,,1018.1,
2024-12-15,10.4,4.8,17.8,0.0,,,4.6,,1019.1,
2024-12-16,10.2,5.4,17.4,0.0,,,4.4,,1018.1,
2024-12-17,9.5,3.4,17.7,0.0,,,6.2,,1017.1,
2024-12-18,9.9,3.6,17.3,0.0,,,6.8,,1016.0,
2024-12-19,10.8,4.9,18.8,0.0,,,6.2,,1016.0,
2024-12-20,11.1,5.9,18.4,0.0,,,7.2,,1017.4,
2024-12-21,10.2,4.1,17.4,0.0,,,6.7,,1016.6,
2024-12-22,11.3,7.3,17.6,0.0,,,5.5,,1015.8,
2024-12-23,10.3,5.9,16.2,0.0,,,6.6,,1017.3,
2024-12-24,11.1,5.5,17.9,0.0,,,6.8,,1018.4,
2024-12-25,10.9,4.3,18.7,0.0,,,8.0,,1020.0,
2024-12-26,10.3,3.0,20.9,0.0,,,6.9,,1021.1,
2024-12-27,10.6,5.9,15.6,6.2,,,7.7,,1020.7,
2024-12-28,11.6,7.8,14.9,6.9,,,6.4,,1020.2,
2024-12-29,10.1,3.3,17.8,0.0,,,8.2,,1021.6,
2024-12-30,8.9,3.0,16.3,0.0,,,6.0,,1019.9,
2024-12-31,10.2,4.9,16.0,0.0,,,4.7,,1020.8,
2025-01-01,10.4,5.5,14.8,0.0,,,4.7,,1019.0,
2025-01-02,10.9,6.6,16.8,0.0,,,4.3,,1018.6,
2025-01-03,12.1,7.9,19.2,0.0,,,3.7,,1018.2,
2025-01-04,12.8,6.9,20.5,0.0,,,5.8,,1015.4,
2025-01-05,11.9,8.7,16.0,26.0,,,14.4,,1016.4,
2025-01-06,12.2,7.1,18.9,0.0,,,7.9,,1018.5,
2025-01-07,10.4,4.2,17.6,0.0,,,6.5,,1017.6,
2025-01-08,8.8,4.4,15.2,0.0,,,5.7,,1015.9,
2025-01-09,9.7,4.4,16.9,0.0,,,5.7,,1018.2,
2025-01-10,9.1,3.6,15.8,0.0,,,5.8,,1020.0,
2025-01-11,10.7,5.7,15.6,1.4,,,6.3,,1019.7,
2025-01-12,12.4,7.8,17.8,2.2,,,7.7,,1020.9,
2025-01-13,10.7,5.0,17.3,0.0,,,7.1,,1019.9,
2025-01-14,9.8,4.1,16.7,0.0,,,5.1,,1019.3,
2025-01-15,10.3,4.6,17.4,0.0,,,5.3,,1020.3,
2025-01-16,10.6,6.8,15.6,3.9,,,9.1,,1022.2,
2025-01-17,9.5,2.8,16.8,0.0,,,7.9,,1021.4,
2025-01-18,11.9,8.0,17.3,0.0,,,4.0,,1018.5,
2025-01-19,12.7,8.4,18.7,2.6,,,5.2,,1018.3,
2025-01-20,13.0,7.0,20.0,0.0,,,9.4,,1016.0,
2025-01-21,13.1,7.4,20.4,0.4,,,8.5,,1014.5,
2025-01-22,12.2,5.1,20.0,0.0,,,7.9,,1014.2,
2025-01-23,11.7,4.2,19.6,0.0,,,8.4,,1016.1,
2025-01-24,10.5,3.7,18.4,0.0,,,7.2,,1015.9,
2025-01-25,10.2,2.7,18.1,0.0,,,6.8,,1015.0,
2025-01-26,10.4,2.5,18.2,0.0,,,6.8,,1014.6,
2025-01-27,10.9,3.8,19.0,0.0,,,5.8,,1013.6,
2025-01-28,11.7,4.4,19.8,0.0,,,6.3,,1012.6,
2025-01-29,13.6,8.0,18.5,0.0,,,7.8,,1014.7,
2025-01-30,13.5,7.7,21.2,0.0,,,9.9,,1012.3,
2025-01-31,12.9,5.1,21.0,0.0,,,7.7,,1011.3,
2025-02-01,13.2,8.6,20.0,27.3,,,11.7,,1015.3,
2025-02-02,12.1,5.7,19.7,0.0,,,8.7,,1016.5,
2025-02-03,11.5,4.5,19.2,0.0,,,7.7,,1014.6,
2025-02-04,12.6,5.6,19.5,0.0,,,10.2,,1016.1,
2025-02-05,11.1,5.0,18.4,0.4,,,8.4,,1016.9,
2025-02-06,11.3,4.9,19.3,0.0,,,10.6,,1018.6,
2025-02-07,10.1,1.1,19.0,0.0,,,7.8,,1017.3,
2025-02-08,12.1,5.5,18.9,0.0,,,5.6,,1016.0,
2025-02-09,13.4,6.4,21.0,0.0,,,6.1,,1015.1,
2025-02-10,13.8,8.8,19.9,0.0,,,8.1,,1014.8,
2025-02-11,14.3,8.1,23.9,0.0,,,10.1,,1014.9,
2025-02-12,13.2,5.7,21.2,0.0,,,9.3,,1015.7,
2025-02-13,12.5,3.9,21.1,0.0,,,10.4,,1015.7,
2025-02-14,12.5,4.6,21.0,0.0,,,8.0,,1013.4,
2025-02-15,14.8,9.7,21.2,0.2,,,7.2,,1011.6,
2025-02-16,14.9,6.9,22.2,0.0,,,9.7,,1013.2,
2025-02-17,15.2,7.3,25.9,0.0,,,9.9,,1016.2,
2025-02-18,15.9,8.6,23.3,0.0,,,9.7,,1015.0,
2025-02-19,15.8,7.9,23.9,0.0,,,8.8,,1012.7,
2025-02-20,12.9,9.5,15.3,39.9,,,14.0,,1015.2,
2025-02-21,14.5,9.0,20.2,0.7,,,8.4,,1018.9,
2025-02-22,14.4,7.8,20.9,0.0,,,6.9,,1016.9,
2025-02-23,14.6,7.5,22.1,0.0,,,8.2,,1017.9,
2025-02-24,15.1,7.7,23.5,0.0,,,9.0,,1018.8,
2025-02-25,14.4,11.3,18.0,2.1,,,8.3,,1019.9,
2025-02-26,17.1,13.6,22.2,10.4,,,16.3,,1019.2,
2025-02-27,14.5,12.4,17.4,60.4,,,18.7,,1015.9,
2025-02-28,14.2,11.6,18.6,39.2,,,11.7,,1012.0,
2025-03-01,15.0,9.3,21.1,0.0,,,8.0,,1015.5,
2025-03-02,14.6,7.5,22.2,0.0,,,8.6,,1013.3,
2025-03-03,14.2,10.2,19.6,4.7,,,12.9,,1012.2,
2025-03-04,13.4,9.6,19.0,0.4,,,11.7,,1015.4,
2025-03-05,13.1,5.9,21.5,0.0,,,11.6,,1014.8,
2025-03-06,14.4,6.4,22.3,0.0,,,7.0,,1012.3,
2025-03-07,15.1,7.5,23.4,0.0,,,7.8,,1011.1,
2025-03-08,16.4,8.9,24.1,0.0,,,9.9,,1008.9,
2025-03-09,18.0,10.1,25.4,0.0,,,8.0,,1012.5,
2025-03-10,19.4,16.6,23.6,2.1,,,13.6,,1017.0,
2025-03-11,19.1,14.0,25.4,2.1,,,16.6,,1015.8,
2025-03-12,18.3,13.1,24.5,1.1,,,11.8,,1011.0,
2025-03-13,17.9,13.6,24.4,7.8,,,12.8,,1008.8,
2025-03-14,17.0,11.9,23.0,1.2,,,13.6,,1010.9,
2025-03-15,18.4,14.5,,3.0,,,,,,
2025-03-16,19.6,11.4,26.9,0.8,,,,,,
2025-03-17,19.9,12.1,27.2,0.0,,,,,,
2025-03-18,,,,,,,,,,
2025-03-19,,,,,,,,,,
2025-03-20,,,,,,,,,,
2025-03-21,,,,,,,,,,
2025-03-22,18.3,9.8,27.0,0.0,,,9.4,,1012.9,
2025-03-23,19.3,10.7,27.5,0.0,,,8.7,,1014.8,
2025-03-24,20.4,12.1,28.0,0.0,,,8.5,,1013.8,
2025-03-25,21.1,15.5,27.2,0.0,,,7.9,,1010.2,
2025-03-26,23.9,18.7,30.1,0.0,,,16.2,,1006.7,
2025-03-27,23.1,17.5,30.2,0.1,,,17.5,,1006.0,
2025-03-28,17.8,11.8,22.5,0.0,,,10.5,,1010.6,
2025-03-29,17.4,8.5,26.9,0.0,,,10.1,,1010.8,
2025-03-30,17.5,8.2,26.6,0.0,,,6.2,,1010.9,
2025-03-31,18.8,9.0,28.6,0.0,,,9.0,,1011.1,
2025-04-01,19.2,9.9,28.1,0.0,,,8.7,,1009.8,
2025-04-02,20.2,10.8,29.2,0.0,,,8.2,,1010.9,
2025-04-03,21.3,13.2,29.8,0.0,,,10.0,,1012.5,
2025-04-04,21.9,14.9,29.9,0.0,,,10.0,,1012.4,
2025-04-05,21.3,13.8,29.8,0.0,,,8.6,,1008.6,
2025-04-06,23.3,14.7,31.4,0.0,,,10.1,,1006.5,
2025-04-07,25.5,16.8,33.6,0.0,,,9.1,,1008.3,
2025-04-08,26.6,18.9,34.4,0.0,,,12.0,,1010.9,
2025-04-09,27.3,21.9,34.4,0.0,,,11.2,,1009.1,
2025-04-10,25.6,19.1,33.1,0.0,,,14.4,,1004.4,
2025-04-11,22.8,18.8,29.6,8.7,,,13.7,,1004.2,
2025-04-12,23.2,16.3,29.8,0.0,,,10.6,,1007.1,
2025-04-13,23.3,16.0,30.5,0.0,,,7.7,,1009.3,
2025-04-14,25.7,18.0,32.6,0.0,,,8.9,,1008.0,
2025-04-15,27.1,20.2,33.5,0.0,,,11.5,,1008.4,
2025-04-16,27.4,20.0,34.3,0.0,,,10.1,,1006.9,
2025-04-17,28.1,20.9,35.7,0.0,,,9.4,,1004.3,
2025-04-18,25.8,18.9,34.8,0.3,,,10.5,,1003.2,
2025-04-19,25.8,20.5,33.9,12.5,,,22.0,,1002.6,
2025-04-20,25.3,20.6,33.4,1.5,,,20.8,,1004.2,
2025-04-21,26.9,18.5,34.9,0.0,,,14.4,,1008.0,
2025-04-22,27.8,21.2,34.8,0.0,,,12.3,,1008.6,
2025-04-23,26.2,18.1,34.5,0.0,,,12.2,,1005.8,
2025-04-24,25.8,17.3,34.5,0.0,,,11.5,,1003.6,
2025-04-25,28.8,22.8,35.8,0.0,,,13.3,,1005.3,
2025-04-26,27.7,20.5,36.8,0.0,,,15.8,,1004.8,
2025-04-27,28.1,20.4,36.3,0.0,,,11.1,,1005.7,
2025-04-28,27.9,18.6,36.0,0.0,,,10.3,,1004.0,
2025-04-29,28.8,20.7,35.6,0.0,,,12.8,,1004.2,
2025-04-30,29.5,22.5,35.6,0.0,,,11.7,,1005.9,
2025-05-01,28.5,23.2,33.0,0.3,,,11.0,,1008.0,
2025-05-02,25.8,20.7,31.4,0.0,,,9.6,,1009.9,
2025-05-03,26.0,21.3,30.9,0.0,,,7.8,,1007.0,
2025-05-04,26.6,19.2,33.5,0.0,,,8.2,,1004.7,
2025-05-05,25.0,22.2,27.9,0.0,,,7.7,,1006.8,
2025-05-06,26.9,20.2,32.4,0.0,,,6.2,,1006.2,
2025-05-07,27.1,21.6,31.9,0.0,,,7.6,,1005.7,
2025-05-08,25.7,21.6,31.1,20.0,,,7.5,,1006.7,
2025-05-09,25.8,21.2,31.4,0.8,,,8.8,,1008.2,
2025-05-10,27.1,20.9,33.4,0.3,,,7.4,,1006.7,
2025-05-11,26.5,19.6,32.8,0.5,,,9.1,,1005.4,
2025-05-12,26.9,20.1,33.6,0.0,,,8.9,,1003.9,
2025-05-13,27.4,19.7,35.2,0.0,,,10.5,,1003.6,
2025-05-14,28.5,19.9,36.9,0.0,,,11.4,,1003.4,
2025-05-15,29.2,20.1,37.9,0.0,,,9.9,,1002.5,
2025-05-16,30.1,21.7,39.1,0.0,,,10.0,,1001.6,
2025-05-17,30.8,21.3,38.5,0.0,,,9.6,,1001.1,
2025-05-18,31.5,23.2,38.8,0.0,,,10.5,,1000.8,
2025-05-19,30.6,24.6,36.2,1.0,,,11.1,,1002.0,
2025-05-20,31.0,22.7,38.5,0.0,,,10.5,,999.9,
2025-05-21,31.5,23.9,37.6,0.4,,,11.3,,1000.2,
2025-05-22,31.5,24.9,37.3,0.0,,,13.2,,1000.3,
2025-05-23,31.7,27.4,36.5,0.0,,,10.9,,1000.1,
2025-05-24,30.1,25.2,33.9,5.5,,,11.0,,1001.5,
2025-05-25,29.1,23.2,34.1,0.0,,,9.0,,1004.1,
2025-05-26,29.8,22.3,36.7,0.0,,,9.0,,1002.4,
2025-05-27,31.6,25.1,37.3,0.0,,,10.8,,999.7,
2025-05-28,31.6,26.3,36.8,0.0,,,9.2,,997.7,
2025-05-29,31.3,24.2,37.9,0.0,,,10.1,,995.9,
2025-05-30,30.9,24.4,37.1,0.0,,,10.7,,995.2,
2025-05-31,26.6,22.1,33.6,2.4,,,20.9,,998.2,
2025-06-01,28.4,21.9,34.7,0.2,,,14.6,,999.1,
2025-06-02,28.6,20.2,36.1,0.0,,,13.0,,998.1,
2025-06-03,28.1,23.7,33.5,0.2,,,12.9,,1001.0,
2025-06-04,26.5,20.8,32.1,0.3,,,8.8,,1004.5,
2025-06-05,28.3,20.5,34.5,0.0,,,8.5,,1006.5,
2025-06-06,30.3,22.4,36.7,0.0,,,9.7,,1005.0,
2025-06-07,32.4,24.4,38.7,0.0,,,9.5,,1003.0,
2025-06-08,33.7,25.6,40.8,0.0,,,9.8,,1001.0,
2025-06-09,34.0,24.0,41.9,0.0,,,8.9,,999.0,
2025-06-10,34.4,26.5,41.6,0.0,,,11.4,,997.9,
2025-06-11,35.5,28.2,42.1,0.0,,,10.9,,998.7,
2025-06-12,35.4,28.7,41.5,0.0,,,12.1,,998.8,
2025-06-13,35.1,29.7,39.2,0.4,,,11.6,,1000.3,
2025-06-14,34.4,28.1,40.4,0.0,,,10.1,,998.7,
2025-06-15,33.7,27.2,40.5,0.0,,,10.1,,996.8,
2025-06-16,29.3,26.8,32.6,2.0,,,8.2,,999.6,
2025-06-17,30.5,26.7,34.7,0.5,,,7.1,,999.8,
2025-06-18,31.7,25.1,37.1,0.0,,,7.5,,997.4,
2025-06-19,32.9,27.8,37.4,0.0,,,8.5,,995.8,
2025-06-20,31.6,27.1,36.0,1.8,,,11.5,,998.4,
2025-06-21,30.3,26.1,34.6,1.3,,,10.8,,999.6,
2025-06-22,29.6,25.9,33.0,12.1,,,7.3,,998.6,
2025-06-23,31.2,25.7,36.0,0.6,,,7.8,,996.1,
2025-06-24,30.9,27.1,35.0,0.4,,,11.0,,995.8,
2025-06-25,28.5,26.1,31.7,14.5,,,11.0,,999.2,
2025-06-26,29.3,25.6,32.7,8.7,,,9.0,,1001.9,
2025-06-27,29.6,26.3,33.9,1.6,,,7.2,,1000.8,
2025-06-28,30.1,26.4,34.9,2.1,,,8.6,,998.5,
2025-06-29,28.1,25.1,33.4,3.7,,,10.0,,996.1,
2025-06-30,27.9,24.4,32.0,6.8,,,10.2,,997.0,
2025-07-01,28.3,24.1,32.5,27.5,,,10.3,,998.9,
2025-07-02,29.7,25.3,34.3,0.0,,,6.4,,999.0,
2025-07-03,29.9,26.2,33.3,0.9,,,8.1,,999.8,
2025-07-04,30.6,26.6,33.9,0.3,,,7.2,,999.0,
2025-07-05,29.9,25.2,34.4,19.4,,,8.8,,997.7,
2025-07-06,28.2,25.3,32.2,44.8,,,8.7,,997.9,
2025-07-07,30.0,25.5,34.4,1.1,,,6.7,,998.0,
2025-07-08,27.9,25.5,30.5,10.0,,,6.4,,999.0,
2025-07-09,28.0,25.3,33.1,12.4,,,7.8,,999.5,
2025-07-10,27.0,24.1,30.5,11.5,,,8.3,,1001.7,
2025-07-11,28.5,24.0,32.9,0.0,,,6.3,,1001.6,
2025-07-12,29.0,25.1,33.4,0.0,,,5.6,,1001.6,
2025-07-13,29.3,25.1,33.3,1.1,,,5.7,,1001.6,
2025-07-14,28.8,25.9,32.9,0.2,,,5.1,,1000.6,
2025-07-15,28.1,25.2,31.6,2.4,,,6.9,,999.9,
2025-07-16,27.6,25.1,30.7,19.7,,,13.7,,1000.1,
2025-07-17,28.5,26.4,31.2,1.8,,,11.0,,1002.4,
2025-07-18,29.4,24.8,33.3,0.0,,,6.1,,1002.1,
2025-07-19,30.2,25.7,34.2,0.0,,,5.5,,998.4,
2025-07-20,29.8,26.7,33.5,2.3,,,7.7,,998.1,
2025-07-21,26.8,26.1,29.1,67.6,,,11.3,,1000.6,
2025-07-22,26.9,25.0,30.4,53.3,,,8.2,,999.7,
2025-07-23,28.2,24.4,32.3,0.1,,,7.0,,996.3,
2025-07-24,28.1,24.0,33.4,7.9,,,6.7,,995.8,
2025-07-25,29.1,25.2,33.5,0.0,,,4.6,,995.5,
2025-07-26,30.2,25.8,34.6,0.0,,,5.4,,996.5,
2025-07-27,30.1,26.7,34.2,4.6,,,6.4,,996.3,
2025-07-28,29.4,26.2,33.5,2.0,,,7.9,,996.1,
2025-07-29,27.8,24.9,32.7,15.9,,,10.1,,997.3,
2025-07-30,27.3,24.8,30.9,26.1,,,11.4,,999.4,
2025-07-31,27.9,24.3,31.9,17.7,,,8.6,,999.7,
2025-08-01,27.0,24.7,29.4,2.8,,,5.9,,1000.2,
2025-08-02,28.1,25.2,31.3,0.0,,,5.4,,1000.2,
2025-08-03,28.9,24.7,32.8,1.8,,,6.1,,1001.0,
2025-08-04,28.1,23.9,32.7,13.8,,,8.7,,1001.8,
2025-08-05,27.1,23.5,31.4,16.6,,,10.7,,1002.5,
2025-08-06,27.4,23.4,31.8,26.7,,,7.7,,1003.2,
2025-08-07,28.2,24.5,32.5,0.2,,,6.3,,1002.0,
2025-08-08,29.0,25.1,33.5,1.5,,,7.1,,1002.8,
2025-08-09,28.7,25.3,32.7,0.0,,,6.9,,1005.2,
2025-08-10,29.2,26.5,32.3,0.0,,,6.5,,1003.5,
2025-08-11,28.8,26.3,33.3,7.5,,,9.4,,1001.7,
2025-08-12,27.0,25.7,29.3,23.5,,,9.6,,1001.4,
2025-08-13,28.6,26.1,32.2,3.1,,,5.2,,1000.6,
2025-08-14,26.2,25.2,27.7,60.7,,,8.1,,1003.8,
2025-08-15,27.5,24.8,30.8,3.8,,,4.2,,1003.1,
2025-08-16,28.0,24.4,32.3,15.6,,,7.7,,1001.7,
2025-08-17,27.4,24.3,32.4,31.6,,,9.2,,1003.6,
2025-08-18,27.1,25.4,30.6,3.0,,,8.9,,1005.4,
2025-08-19,27.8,24.1,32.5,0.0,,,5.9,,1003.7,
2025-08-20,27.6,23.3,31.9,15.7,,,7.5,,1003.4,
2025-08-21,28.2,23.6,32.7,0.0,,,6.0,,1003.2,
2025-08-22,28.7,24.5,32.4,0.0,,,6.9,,999.9,
2025-08-23,27.5,25.1,30.1,6.4,,,11.0,,1000.4,
2025-08-24,25.7,23.9,27.1,17.5,,,8.7,,1002.7,
2025-08-25,24.4,23.2,26.4,17.2,,,10.0,,1003.1,
2025-08-26,23.3,22.3,25.7,245.8,,,16.3,,1003.6,
2025-08-27,26.4,23.0,30.7,0.8,,,8.9,,1003.3,
2025-08-28,27.7,23.1,31.7,3.7,,,6.0,,1002.2,
2025-08-29,27.4,24.3,31.9,8.0,,,9.7,,1003.6,
2025-08-30,26.7,23.8,29.3,14.5,,,7.4,,1006.3,
2025-08-31,25.7,24.1,28.3,28.2,,,7.9,,1004.1,
2025-09-01,24.8,22.6,28.0,21.1,,,9.0,,1001.6,
2025-09-02,23.9,22.9,26.6,56.0,,,11.7,,1003.1,
2025-09-03,24.7,21.9,28.9,33.5,,,11.0,,1005.0,
2025-09-04,25.6,21.6,30.9,0.1,,,6.7,,1006.2,
2025-09-05,27.3,22.6,32.4,0.0,,,5.9,,1004.9,
2025-09-06,27.3,24.4,31.2,0.0,,,6.1,,1005.9,
2025-09-07,27.0,24.5,29.8,0.4,,,5.1,,1005.4,
2025-09-08,26.5,24.1,29.3,1.3,,,5.1,,1006.2,
2025-09-09,27.5,24.3,31.1,0.0,,,5.3,,1007.2,
2025-09-10,27.9,23.9,31.9,0.0,,,6.0,,1005.4,
2025-09-11,27.4,24.6,30.9,1.1,,,5.3,,1004.4,
2025-09-12,27.4,24.3,31.4,3.0,,,6.5,,1006.0,
2025-09-13,27.2,23.6,31.7,9.7,,,8.5,,1006.8,
2025-09-14,27.4,23.8,31.3,4.9,,,7.7,,1006.3,
2025-09-15,27.4,24.5,31.1,4.1,,,8.8,,1004.3,
2025-09-16,26.6,22.9,29.8,3.8,,,8.5,,1005.1,
2025-09-17,27.8,23.6,32.5,0.3,,,8.5,,1005.3,
2025-09-18,26.9,23.2,32.1,1.9,,,8.8,,1005.7,
2025-09-19,26.9,22.2,31.9,15.0,,,7.6,,1006.5,
2025-09-20,26.9,21.9,31.4,0.0,,,5.7,,1005.6,
2025-09-21,27.3,23.5,31.8,0.0,,,7.7,,1004.0,
2025-09-22,27.9,23.9,32.5,0.0,,,8.2,,1004.6,
2025-09-23,28.8,24.4,33.2,0.0,,,6.2,,1004.4,
2025-09-24,28.6,24.1,32.7,0.0,,,6.3,,1003.0,
2025-09-25,28.4,24.2,33.1,0.3,,,6.9,,1004.2,
2025-09-26,28.0,22.4,33.0,0.0,,,6.2,,1005.3,
2025-09-27,28.1,22.0,34.1,0.0,,,5.8,,1007.6,
2025-09-28,27.9,21.9,33.5,0.0,,,6.5,,1007.4,
2025-09-29,28.1,22.5,33.4,0.0,,,7.0,,1005.6,
2025-09-30,28.3,23.3,33.2,0.0,,,7.0,,1003.4,
2025-10-01,28.2,22.8,33.1,0.0,,,7.6,,1003.5,
2025-10-02,26.9,22.8,31.7,0.0,,,7.2,,1007.4,
